CASE_ID,PARTY_NUMBER,PARTY_TYPE,AT_FAULT,PARTY_SEX,PARTY_AGE,PARTY_SOBRIETY,PARTY_DRUG_PHYSICAL,DIR_OF_TRAVEL,PARTY_SAFETY_EQUIP_1,PARTY_SAFETY_EQUIP_2,FINAN_RESPONS,SP_INFO_1,SP_INFO_2,SP_INFO_3,OAF_VIOLATION_CODE,OAF_VIOL_CAT,OAF_VIOL_SECTION,OAF_VIOLATION_SUFFIX,OAF_1,OAF_2,PARTY_NUMBER_KILLED,PARTY_NUMBER_INJURED,MOVE_PRE_ACC,VEHICLE_YEAR,VEHICLE_MAKE,STWD_VEHICLE_TYPE,CHP_VEH_TYPE_TOWING,CHP_VEH_TYPE_TOWED,RACE,INATTENTION,SPECIAL_INFO_F,SPECIAL_INFO_G,ACCIDENT_YEAR
8167180,1,2,Y,M,58,B,E,E,-,-,O,-,3,-,-,"- ",,,M,-,1,0,-,,-,N,60,,H,,-,-,2018
8167180,2,1,N,F,74,A,-,N,M,G,Y,-,3,-,-,"- ",,,N,-,0,0,B,2016,MAZDA,A,07,,W,,-,-,2018
8414912,1,1,Y,M,38,A,-,W,L,G,Y,-,3,-,-,"- ",,,N,-,0,2,E,2017,HONDA,A,01,,O,,-,-,2018
8414912,2,1,N,M,38,A,-,E,L,G,Y,-,3,-,-,"- ",,,N,-,0,2,B,2001,FORD,D,22,,W,,-,-,2018
8414916,1,1,Y,M,25,G,G,S,B,-,,-,3,-,-,"- ",,,N,-,0,0,B,2003,TOYOTA,D,22,,W,,-,-,2018
8414916,2,1,N,F,32,A,-,S,M,G,Y,-,3,-,-,"- ",,,N,-,0,1,A,2005,GMC,A,07,,H,,-,-,2018
8504531,1,1,Y,F,36,A,-,W,L,G,Y,-,3,-,,25,22350,,A,-,0,1,E,2008,CHRYSLER,A,01,,W,,-,-,2018
8513493,1,1,Y,M,82,A,-,W,M,G,Y,-,3,-,-,"- ",,,-,-,0,0,B,2005,SATURN,-,,,W,,-,-,2018
8513493,2,2,N,M,72,A,-,N,-,-,O,-,3,-,-,"- ",,,-,-,0,1,R,,-,N,60,,W,,-,-,2018
8513633,1,1,Y,F,21,A,-,W,M,G,Y,-,3,-,-,"- ",,,N,-,0,0,E,2001,NISSAN,A,07,,H,,-,-,2018
8513633,2,1,N,F,38,A,-,W,L,G,Y,-,3,-,-,"- ",,,N,-,0,1,B,2013,GMC,A,07,,A,,-,-,2018
8514013,1,1,Y,M,56,A,-,E,L,G,Y,-,3,-,-,"- ",,,N,-,0,1,B,2015,VOLKSWAGEN,A,01,,W,,-,-,2018
8514013,2,1,N,F,23,A,-,E,M,G,Y,-,3,-,-,"- ",,,N,-,0,1,F,2016,FORD,J,41,,W,,-,-,2018
8530269,1,1,Y,F,78,A,-,S,L,G,Y,-,3,-,-,"- ",,,N,-,0,1,B,2004,INFINITI,A,01,,W,,-,-,2018
8530269,2,3,N,-,998,H,H,S,-,-,O,-,3,-,-,"- ",,,N,-,0,0,O,2002,FORD,E,22,35,,,-,-,2018
8530327,1,1,Y,F,29,A,-,W,L,G,Y,-,3,-,-,"- ",,,N,-,0,1,B,2017,CHEVROLET,A,07,,W,,-,-,2018
8530327,2,1,N,M,58,A,-,S,M,G,Y,-,3,-,-,"- ",,,N,-,0,1,E,2010,TOYOTA,D,22,,W,,-,-,2018
8530398,1,1,Y,M,35,A,-,W,L,G,Y,-,3,-,,27,21650,,A,-,0,0,E,2016,CHEVROLET,D,22,,W,,-,-,2018
8530398,2,1,N,M,46,A,-,E,M,G,Y,-,3,-,-,"- ",,,N,-,0,1,H,2010,TOYOTA,A,01,,W,,-,-,2018
8530486,1,1,Y,F,21,B,-,N,M,G,Y,-,3,-,,31,22107,,A,N,0,1,M,2014,MAZDA,A,01,,W,,-,-,2018
8530779,1,1,Y,F,50,A,-,E,M,G,Y,-,3,-,-,"- ",,,N,-,0,1,L,2007,TOYOTA,A,08,,W,,-,-,2018
8530779,2,1,N,M,61,A,-,S,M,G,Y,-,3,-,-,"- ",,,N,-,0,0,B,2005,FORD,D,22,,H,,-,-,2018
8530783,1,4,Y,M,51,A,-,E,-,-,O,-,3,-,-,"- ",,,N,-,0,1,M,,-,L,04,,A,,-,-,2018
8530783,2,1,N,F,62,A,-,E,M,G,Y,-,3,-,-,"- ",,,N,-,0,1,B,2015,CHEVROLET,I,09,,W,,-,-,2018
8531046,1,1,Y,F,46,A,-,S,M,G,Y,-,3,-,-,"- ",,,N,-,0,0,E,2015,LEXUS,A,07,,W,,-,-,2018
8531046,2,1,N,F,56,A,-,N,M,G,Y,-,3,-,-,"- ",,,N,-,0,1,B,2001,HYUNDAI,A,01,,H,,-,-,2018
8531050,1,1,Y,F,23,A,-,S,L,G,Y,-,3,-,-,"- ",,,N,-,0,1,B,2010,HONDA,A,01,,H,,-,-,2018
8531091,1,1,Y,F,35,A,-,E,L,G,Y,-,3,-,-,"- ",,,N,-,0,1,E,2010,HYUNDAI,A,01,,,,-,-,2018
8531091,2,1,N,F,29,A,-,W,L,G,Y,-,3,-,-,"- ",,,N,-,0,4,A,2004,TOYOTA,A,07,,H,,-,-,2018
8531095,1,1,Y,M,33,-,E,W,L,G,Y,-,3,-,,27,21650,,A,-,0,0,B,2011,KIA,A,01,,W,,-,-,2018
8531095,2,1,N,M,24,A,-,E,L,G,Y,-,3,-,-,"- ",,,N,-,0,2,B,2003,CHEVROLET,A,07,,H,,-,-,2018
8531099,1,1,Y,M,75,A,-,E,L,G,Y,-,3,-,-,"- ",,,N,-,0,1,B,2013,NISSAN,A,01,,W,,-,-,2018
8531099,2,1,N,M,42,A,-,W,M,G,Y,-,3,-,-,"- ",,,N,-,0,0,B,2005,GMC,A,07,,H,,-,-,2018
8531103,1,1,Y,M,23,A,-,E,M,G,Y,-,3,-,-,"- ",,,N,-,0,0,B,2013,TOYOTA,A,01,,W,,-,-,2018
8531103,2,1,N,M,21,A,-,E,M,G,Y,-,3,-,-,"- ",,,N,-,0,1,H,2017,TOYOTA,A,01,,W,,-,-,2018
8531107,1,4,Y,M,61,A,-,E,-,-,O,-,3,-,-,"- ",,,N,-,0,1,B,,-,L,04,,W,,-,-,2018
8531107,2,1,N,M,42,C,-,S,M,G,Y,-,3,-,-,"- ",,,N,-,0,0,L,2009,HONDA,A,07,,W,,-,-,2018
8531728,1,1,Y,-,998,G,G,S,-,-,,-,-,-,-,"- ",,,N,-,0,0,G,,-,-,,,,,-,-,2018
8531728,2,4,N,F,40,A,-,W,-,-,O,-,-,-,-,"- ",,,N,-,0,1,B,,-,L,04,,W,,-,-,2018
8531732,1,2,Y,F,20,-,,S,-,-,O,-,-,-,-,"- ",,,-,-,0,1,-,,-,N,60,,B,,-,-,2018
8531732,2,1,N,M,72,A,-,S,M,G,Y,-,3,-,-,"- ",,,-,-,0,0,B,2001,DODGE,-,,,H,,-,-,2018
8531736,1,1,Y,F,76,A,-,E,M,G,Y,-,3,-,-,"- ",,,G,-,0,1,B,1998,TOYOTA,A,01,,W,,-,-,2018
8531736,2,1,N,M,35,A,-,E,M,G,Y,-,3,-,-,"- ",,,G,-,0,0,A,2014,RAM,-,,,H,,-,-,2018
8531740,1,1,N,M,47,A,-,S,M,G,Y,-,3,-,-,"- ",,,K,-,0,2,D,1995,CHEVROLET,-,,,H,,-,-,2018
8531740,2,1,N,M,25,A,-,E,M,G,Y,-,3,-,-,"- ",,,N,-,0,0,A,2015,CHEVROLET,-,,,H,,-,-,2018
8531744,1,1,Y,F,21,A,-,W,M,G,Y,-,3,-,-,"- ",,,N,-,0,0,D,2011,JEEP,-,,,W,,-,-,2018
8531744,2,1,N,F,78,A,-,N,M,G,Y,-,3,-,-,"- ",,,N,-,0,1,P,2011,BUICK,-,,,W,,-,-,2018
8533628,1,1,Y,M,36,A,-,W,L,G,Y,-,3,-,-,"- ",,,F,-,0,1,B,2004,CHEVROLET,A,07,,H,K,-,-,2018
8533628,2,1,N,F,41,A,-,W,M,G,Y,-,3,-,-,"- ",,,N,-,0,0,J,2004,CHEVROLET,D,22,,H,,-,-,2018
8533628,3,1,N,M,30,A,-,W,M,G,Y,-,3,-,-,"- ",,,N,-,0,0,A,,FORD,D,22,,W,,-,-,2018
8533930,1,1,Y,M,998,G,G,E,B,-,,-,3,-,-,"- ",,,N,-,0,0,B,,-,-,99,,H,,-,-,2018
8533930,2,1,N,F,34,A,-,E,M,G,Y,-,3,-,-,"- ",,,N,-,0,1,H,2004,BMW,A,01,,H,,-,-,2018
8533934,1,1,Y,M,18,A,-,W,M,G,Y,-,3,-,-,"- ",,,N,-,0,0,B,1998,TOYOTA,A,07,,H,,-,-,2018
8533934,2,1,N,F,37,A,-,W,M,G,Y,-,3,-,-,"- ",,,N,-,0,2,A,2017,SUBARU,A,07,,W,,-,-,2018
8534054,1,1,Y,M,64,A,-,E,L,G,Y,-,3,-,-,"- ",,,N,-,0,0,B,2012,NISSAN,A,01,,W,,-,-,2018
8534054,2,1,N,F,68,A,-,E,M,G,Y,-,3,-,-,"- ",,,N,-,0,2,A,2015,LEXUS,A,07,,W,,-,-,2018
8534345,1,1,Y,M,21,A,-,N,M,G,Y,-,3,-,-,"- ",,,N,-,0,0,L,2013,TOYOTA,D,22,,W,,-,-,2018
8534345,2,1,N,F,44,A,-,N,M,G,Y,-,3,-,-,"- ",,,N,-,0,1,B,2018,VOLKSWAGEN,A,07,,W,,-,-,2018
8534349,1,1,Y,F,26,A,-,S,M,G,N,-,3,-,-,"- ",,,N,-,0,0,B,2001,HONDA,A,01,,A,,-,-,2018
8534349,2,1,N,F,44,A,-,S,M,G,Y,-,3,-,-,"- ",,,H,N,0,1,B,2005,CHEVROLET,D,22,,H,,-,-,2018
8534493,1,1,Y,M,50,A,-,W,M,G,Y,-,3,-,-,"- ",,,N,-,0,0,D,2008,AUDI,A,01,,W,,-,-,2018
8534493,2,2,N,M,57,A,-,S,-,-,O,-,3,-,-,"- ",,,N,-,0,1,-,,-,N,60,,B,,-,-,2018
8534497,1,1,N,M,35,A,-,W,L,G,Y,-,3,-,-,"- ",,,N,-,0,1,E,2017,AUDI,A,01,,W,,-,-,2018
8534497,2,1,N,M,28,A,-,E,L,G,Y,-,3,-,-,"- ",,,N,-,0,0,B,2006,HYUNDAI,A,01,,W,,-,-,2018
8535236,1,1,Y,M,11,A,-,N,M,G,Y,-,-,-,-,"- ",,,F,-,0,0,D,2014,TOYOTA,-,,,W,-,-,-,2018
8535236,2,4,N,M,24,A,-,W,-,-,O,-,-,-,-,"- ",,,-,-,0,1,B,,-,L,04,,H,,-,-,2018
8535450,1,1,Y,M,33,A,-,W,L,G,Y,-,3,-,-,"- ",,,F,-,0,0,B,1999,FORD,D,22,,W,G,-,-,2018
8535450,2,1,N,F,45,A,-,W,M,G,Y,-,3,-,-,"- ",,,N,-,0,1,D,2014,HYUNDAI,A,01,,W,,-,-,2018
8535684,1,1,Y,M,19,A,-,N,M,G,Y,-,3,-,-,"- ",,,N,-,0,1,B,2005,DODGE,A,01,,H,,-,-,2018
8535692,1,1,Y,M,62,D,-,N,P,H,N,-,3,-,-,"- ",,,N,-,0,1,B,1992,BUICK,A,01,,W,,-,-,2018
8535696,1,1,Y,F,24,A,-,W,L,G,Y,-,3,-,-,"- ",,,F,-,0,1,B,2007,TOYOTA,A,01,,W,K,-,-,2018
8535696,2,1,N,M,43,A,-,W,M,G,Y,-,3,-,-,"- ",,,N,-,0,1,H,2017,DODGE,A,01,,W,,-,-,2018
8535696,3,1,N,F,17,A,-,W,M,G,Y,-,3,-,-,"- ",,,N,-,0,0,H,2014,LEXUS,A,01,,O,,-,-,2018
8535700,1,1,Y,M,18,A,-,S,M,G,Y,-,3,-,-,"- ",,,J,-,0,1,B,2009,VOLKSWAGEN,A,01,,W,,-,-,2018
8535700,2,1,N,M,49,A,-,E,L,G,Y,-,3,-,-,"- ",,,N,-,0,2,E,2018,BMW,A,01,,H,,-,-,2018
8535746,1,1,Y,F,33,A,-,E,L,G,Y,-,3,-,,31,22107,,A,-,0,2,C,2006,MERCURY,A,01,,W,,-,-,2018
8535748,1,1,N,F,41,A,-,N,L,G,Y,-,3,-,-,"- ",,,N,-,0,1,E,2017,BMW,A,01,,A,,-,-,2018
8535748,2,1,N,F,66,A,-,S,L,G,Y,-,3,-,-,"- ",,,N,-,0,2,B,2003,TOYOTA,A,07,,W,,-,-,2018
8536415,1,1,Y,M,17,A,-,E,M,G,Y,-,3,-,-,"- ",,,G,-,0,0,B,1999,CHEVROLET,D,22,,W,,-,-,2018
8536415,2,1,N,M,22,A,-,E,M,G,Y,-,3,-,-,"- ",,,G,-,0,1,H,2002,NISSAN,A,01,,H,,-,-,2018
8536415,3,1,N,F,58,A,-,E,M,G,Y,-,3,-,-,"- ",,,G,-,0,0,H,2003,LEXUS,-,,,H,,-,-,2018
8536419,1,1,Y,F,20,A,-,S,L,G,Y,-,3,-,-,"- ",,,N,-,0,1,B,2001,HONDA,-,,,H,,-,-,2018
8536419,2,1,N,M,60,A,-,S,M,G,Y,-,3,-,-,"- ",,,N,-,0,2,H,2014,BMW,-,,,W,,-,-,2018
8536419,3,1,N,M,65,A,-,S,M,G,Y,-,3,-,-,"- ",,,N,-,0,0,A,2013,FORD,-,,,W,,-,-,2018
8536423,1,1,Y,M,16,A,-,E,M,G,Y,-,-,-,-,"- ",,,N,-,0,0,E,2004,TOYOTA,-,,,W,,-,-,2018
8536423,2,2,N,F,46,A,-,N,-,-,O,-,-,-,-,"- ",,,N,-,0,1,B,,-,N,60,,W,,-,-,2018
8536612,1,1,Y,M,22,B,-,N,M,B,Y,-,-,-,,25,22350,A,A,-,0,1,E,2004,FORD,-,,,W,,-,-,2018
8536616,1,1,Y,M,55,A,-,W,L,M,Y,-,3,-,-,"- ",,,N,-,0,0,B,2016,-,A,01,,W,,-,-,2018
8536616,2,1,N,F,55,A,-,S,L,M,Y,-,3,-,-,"- ",,,N,-,0,1,B,2006,TOYOTA,A,01,,W,,-,-,2018
8536620,1,1,Y,M,21,A,-,N,M,G,Y,-,3,-,-,"- ",,,H,-,0,0,E,2015,DODGE,D,22,,H,,-,-,2018
8536620,2,1,N,F,19,A,-,S,M,G,Y,-,3,-,-,"- ",,,N,-,0,1,B,2010,TOYOTA,A,01,,W,,-,-,2018
8536624,1,1,Y,F,22,A,-,S,L,G,Y,-,3,-,,25,22350,,A,-,0,1,E,2006,JEEP,-,,,H,,-,-,2018
8536624,2,1,N,F,68,A,-,N,M,G,Y,-,3,-,-,"- ",,,-,-,0,0,B,2005,HONDA,A,01,,W,,-,-,2018
8536628,1,1,Y,M,68,H,H,W,M,G,Y,-,-,-,-,"- ",,,N,-,0,1,E,2004,CHEVROLET,D,22,,H,,-,-,2018
8536632,1,1,Y,M,79,A,-,S,M,G,Y,-,3,-,-,"- ",,,N,-,0,0,D,1996,TOYOTA,A,01,,O,,-,-,2018
8536632,2,4,N,M,12,A,-,W,-,-,O,-,3,-,-,"- ",,,N,-,0,1,B,,-,L,04,,H,,-,-,2018
8536636,1,1,Y,M,26,A,-,E,L,G,Y,-,3,-,-,"- ",,,N,-,0,1,N,2002,FORD,D,22,,,,-,-,2018
8536636,2,1,N,M,84,A,-,W,M,G,Y,-,3,-,-,"- ",,,N,-,0,0,B,2003,CHEVROLET,D,22,,W,,-,-,2018
8536640,1,1,Y,M,27,A,-,N,M,G,Y,-,3,-,-,"- ",,,H,-,0,0,L,2015,HYUNDAI,-,,,W,,-,-,2018
8536640,2,2,N,M,14,A,-,W,-,-,O,-,3,-,-,"- ",,,-,-,0,1,B,,-,N,60,,W,,-,-,2018
8537991,1,1,Y,M,37,A,-,W,M,G,Y,-,3,-,-,"- ",,,N,-,0,0,E,2015,CHEVROLET,D,22,,H,,-,-,2018
8537991,2,4,N,M,69,A,-,E,-,-,O,-,3,-,-,"- ",,,N,-,0,1,B,,-,L,04,,B,,-,-,2018
8538703,1,1,Y,M,19,A,-,E,L,G,Y,-,3,-,-,"- ",,,N,-,0,2,B,2014,HONDA,A,01,,H,,-,-,2018
8538703,2,1,N,M,67,A,-,N,L,G,Y,-,3,-,-,"- ",,,N,-,0,0,B,2014,FORD,A,01,,W,,-,-,2018
8539184,1,1,Y,F,42,B,-,N,L,B,,-,3,-,,23,21453,A,A,-,0,0,B,2016,HONDA,A,01,,H,,-,-,2018
8539184,2,1,N,F,25,A,-,W,M,G,Y,-,3,-,-,"- ",,,N,-,0,3,E,2010,DODGE,A,01,,H,,-,-,2018
8539188,1,1,Y,F,19,A,-,N,M,G,Y,-,3,-,-,"- ",,,N,-,0,1,L,2014,TOYOTA,A,01,,A,,-,-,2018
8539188,2,1,N,F,59,A,-,E,L,G,Y,-,3,-,-,"- ",,,N,-,0,1,B,2015,DODGE,A,08,,W,,-,-,2018
8539192,1,1,Y,F,36,B,-,W,L,G,Y,-,3,-,,33,21801,A,A,-,0,1,E,2011,GMC,A,07,,W,,-,-,2018
8539192,2,1,N,F,31,A,-,E,L,G,Y,-,3,-,-,"- ",,,N,-,0,2,B,2009,FORD,A,07,,B,,-,-,2018
8539196,1,1,Y,M,59,A,-,E,M,G,Y,-,3,-,-,"- ",,,N,-,0,0,B,1991,CHEVROLET,A,01,,H,,-,-,2018
8539196,2,1,N,M,25,A,-,N,P,W,Y,-,3,-,-,"- ",,,N,-,0,1,B,2006,SUZUKI,C,02,,W,,-,-,2018
8540618,1,1,Y,M,56,B,-,E,P,B,,-,-,-,,25,22350,,A,-,0,1,B,1972,FORD,-,,,W,,-,-,2018
8540618,2,1,N,M,41,A,-,E,M,G,Y,-,-,-,-,"- ",,,N,-,0,0,B,2002,INFINITI,-,,,H,,-,-,2018
8541123,1,1,N,F,44,A,-,E,M,G,Y,-,3,-,-,"- ",,,N,-,0,0,D,2015,TOYOTA,-,,,H,,-,-,2018
8541123,2,2,N,F,42,A,-,N,-,-,O,-,3,-,-,"- ",,,N,-,0,1,B,,-,N,60,,W,,-,-,2018
8541124,1,1,Y,M,60,A,-,N,P,-,Y,-,3,-,-,"- ",,,N,-,0,1,B,2006,HARLEY-DAVIDSON,-,,,W,,-,-,2018
8541124,2,1,N,M,65,A,-,N,M,G,Y,-,3,-,-,"- ",,,N,-,0,0,A,2017,CHEVROLET,-,,,W,,-,-,2018
8541127,1,1,Y,M,38,A,-,E,M,G,Y,-,3,-,-,"- ",,,N,-,0,0,B,2009,WINNEBAGO,-,,,W,,-,-,2018
8541127,2,1,N,M,34,A,-,E,M,G,N,-,3,-,-,"- ",,,N,-,0,1,B,2012,GMC,-,,,H,,-,-,2018
8541923,1,1,Y,M,26,A,-,W,L,G,,-,3,-,-,"- ",,,N,-,0,1,H,1999,CHEVROLET,D,22,,H,,-,-,2018
8541923,2,1,N,F,32,A,-,E,L,G,Y,-,3,-,-,"- ",,,N,-,0,2,B,2017,ACURA,A,01,,H,,-,-,2018
8542603,1,1,Y,M,56,A,-,N,M,G,Y,-,3,-,-,"- ",,,N,-,0,0,L,2015,TESLA,A,01,,W,,-,-,2018
8542603,2,1,N,F,35,A,-,E,L,G,Y,-,3,-,-,"- ",,,N,-,0,1,B,2008,CHRYSLER,A,01,,H,,-,-,2018
8542607,1,1,Y,F,65,A,-,E,L,G,Y,-,3,-,-,"- ",,,N,-,0,1,E,2014,CHEVROLET,A,01,,A,,-,-,2018
8542607,2,1,N,F,66,A,-,W,M,G,Y,-,3,-,-,"- ",,,N,-,0,0,B,2005,JEEP,A,07,,W,,-,-,2018
8542611,1,1,Y,M,57,A,-,W,M,G,Y,-,3,-,-,"- ",,,N,-,0,0,L,2007,HONDA,A,07,,W,,-,-,2018
8542611,2,1,N,F,38,A,-,S,M,G,Y,-,3,-,-,"- ",,,N,-,0,1,B,2014,HONDA,A,07,,W,,-,-,2018
8543165,1,2,Y,M,28,A,-,E,-,-,O,-,3,-,-,"- ",,,N,-,0,1,-,,-,N,60,,H,,-,-,2018
8543165,2,1,N,F,54,A,-,N,G,-,Y,-,3,-,-,"- ",,,N,-,0,0,B,2007,VOLVO,A,01,,W,,-,-,2018
8543173,1,1,Y,F,998,G,G,N,-,-,,-,3,-,-,"- ",,,N,-,0,0,B,,"OTHER - AUTO",A,01,,,,-,-,2018
8543173,2,1,N,F,54,A,-,W,L,G,Y,-,3,-,-,"- ",,,H,-,0,2,E,2007,LEXUS,A,01,,W,,-,-,2018
8543181,1,1,Y,M,38,A,-,W,M,G,Y,-,-,-,-,"- ",,,-,-,0,0,B,1999,TOYOTA,A,07,,W,,-,G,2018
8543181,2,1,N,M,35,A,-,W,M,G,Y,-,-,-,-,"- ",,,-,-,0,0,A,2017,CHEVROLET,A,07,,W,,-,G,2018
8543181,3,1,N,F,60,A,-,W,M,G,Y,-,-,-,-,"- ",,,-,-,0,1,A,2002,HONDA,A,01,,W,,-,G,2018
8543589,1,1,N,F,39,A,-,S,L,G,Y,-,3,-,-,"- ",,,N,-,0,1,E,2017,DODGE,A,07,,W,,-,-,2018
8543589,2,1,N,M,72,A,-,W,L,G,Y,-,3,-,-,"- ",,,N,-,0,1,B,2005,TOYOTA,A,01,,O,,-,-,2018
8543616,1,1,Y,F,22,A,-,E,L,G,Y,-,3,-,-,"- ",,,N,-,0,1,B,2013,FORD,-,,,H,,-,-,2018
8543616,2,1,N,F,36,A,-,E,M,G,Y,-,3,-,-,"- ",,,N,-,0,1,A,2001,NISSAN,-,,,H,,-,-,2018
8545061,1,1,Y,M,27,-,I,W,L,G,Y,-,3,-,-,"- ",,,F,-,0,2,B,2012,KIA,A,01,,B,K,-,-,2018
8545061,2,3,N,-,998,H,H,W,-,-,O,-,3,-,-,"- ",,,N,-,0,0,O,2012,PETERBILT,G,27,31,,,-,-,2018
8545097,1,1,Y,F,28,G,G,N,M,W,Y,-,-,-,-,"- ",,,F,G,0,1,B,2007,YAMAHA,F,21,,W,-,-,-,2018
8545152,1,1,Y,M,59,A,-,S,L,G,Y,-,3,-,-,"- ",,,F,-,0,1,B,2014,HONDA,A,01,,W,D,-,-,2018
8545152,2,1,N,M,33,A,-,S,M,G,Y,-,3,-,-,"- ",,,N,-,0,1,H,2012,MAZDA,A,01,,W,,-,-,2018
8545156,1,1,Y,M,75,A,-,N,L,G,Y,-,3,-,-,"- ",,,N,-,0,1,B,2014,HONDA,A,01,,W,,-,-,2018
8545156,2,1,N,M,32,A,-,E,M,G,Y,-,3,-,-,"- ",,,N,-,0,0,E,2016,JEEP,A,07,,H,,-,-,2018
8545160,1,4,Y,M,32,A,-,E,-,-,O,-,3,-,-,"- ",,,N,-,0,1,Q,,-,L,04,,W,,-,-,2018
8545160,2,1,N,F,59,A,-,S,M,G,Y,-,3,-,-,"- ",,,N,-,0,0,D,2014,LEXUS,A,01,,A,,-,-,2018
8545172,1,1,Y,F,56,A,-,S,L,G,Y,-,-,-,-,"- ",,,N,-,0,0,B,2005,FORD,A,01,,H,,-,-,2018
8545172,2,1,N,F,36,A,-,S,M,G,Y,-,-,-,-,"- ",,,N,-,0,2,B,2015,TOYOTA,A,08,,H,,-,-,2018
8545176,1,1,Y,F,75,A,-,W,M,G,Y,-,3,-,-,"- ",,,N,-,0,0,E,2014,TOYOTA,A,01,,W,,-,-,2018
8545176,2,2,N,F,18,A,-,S,-,-,O,-,3,-,-,"- ",,,N,-,0,1,B,,-,N,60,,H,,-,-,2018
8545180,1,1,Y,M,75,A,-,E,M,G,Y,-,3,-,-,"- ",,,-,-,0,1,B,2015,FORD,A,01,,W,,-,-,2018
8545184,1,1,Y,M,21,A,-,E,P,-,Y,-,3,-,-,"- ",,,N,-,0,1,E,2004,HARLEY-DAVIDSON,C,02,,W,,-,-,2018
8545188,1,1,Y,F,34,A,-,E,L,G,Y,-,3,-,-,"- ",,,N,-,0,2,B,1997,HONDA,A,01,,W,,-,-,2018
8545188,2,1,N,M,63,A,-,S,M,G,Y,-,3,-,-,"- ",,,N,-,0,1,B,2013,HONDA,A,07,,W,,-,-,2018
8545192,1,1,Y,M,41,A,-,S,L,G,Y,-,-,-,-,"- ",,,N,-,0,0,E,2016,KIA,A,01,,W,,-,-,2018
8545192,2,1,N,F,41,A,-,E,L,G,Y,-,-,-,-,"- ",,,N,-,0,1,B,2008,TOYOTA,A,01,,H,,-,-,2018
8545372,1,1,Y,F,34,A,-,W,M,G,Y,-,3,-,-,"- ",,,N,-,0,0,B,2015,DODGE,D,22,,W,,-,-,2018
8545372,2,1,N,F,47,A,-,W,M,G,Y,-,3,-,-,"- ",,,N,-,0,2,A,2006,NISSAN,A,01,,H,,-,-,2018
8545393,1,1,Y,F,48,A,-,E,L,G,Y,-,3,-,-,"- ",,,N,-,0,2,N,2012,CHEVROLET,A,01,,H,,-,-,2018
8545393,2,1,N,M,41,A,-,W,M,G,Y,-,3,-,-,"- ",,,N,-,0,0,B,2016,FREIGHTLINER,F,55,,W,,-,-,2018
8545393,3,1,N,M,18,A,-,W,L,G,Y,-,3,-,-,"- ",,,N,-,0,1,B,2017,VOLKSWAGEN,A,07,,W,,-,-,2018
8545690,1,1,Y,M,17,A,-,S,M,G,Y,-,3,-,-,"- ",,,N,-,0,1,B,2001,CHEVROLET,D,22,,W,,-,-,2018
8545690,2,1,N,F,16,A,-,N,L,G,Y,-,3,-,-,"- ",,,N,-,0,1,E,2000,HONDA,A,01,,W,,-,-,2018
8546131,1,1,Y,F,39,A,-,N,M,G,Y,-,3,-,-,"- ",,,G,-,0,0,B,2005,FORD,A,01,,W,,-,-,2018
8546131,2,1,N,F,39,A,-,W,M,G,Y,-,3,-,-,"- ",,,N,-,0,2,B,2000,SATURN,A,01,,W,,-,-,2018
8546343,1,1,Y,M,23,A,-,S,M,G,Y,-,3,-,-,"- ",,,N,-,0,0,L,2004,TOYOTA,A,07,,W,,-,-,2018
8546343,2,1,N,M,27,A,-,W,P,W,N,-,3,-,-,"- ",,,N,-,0,1,I,2012,HONDA,C,02,,W,,-,-,2018
8546347,1,1,Y,M,53,A,-,E,L,G,,-,3,-,-,"- ",,,N,-,0,1,B,2001,GMC,A,07,,W,,-,-,2018
8546351,1,1,Y,M,67,A,-,N,M,G,Y,-,3,-,-,"- ",,,N,-,0,0,B,2007,TOYOTA,A,01,,W,,-,-,2018
8546351,2,1,N,F,73,A,-,N,M,G,Y,-,3,-,-,"- ",,,N,-,0,1,B,2012,BMW,A,01,,A,,-,-,2018
8546355,1,1,Y,F,33,A,-,E,L,G,Y,-,3,-,-,"- ",,,F,-,0,1,B,2010,NISSAN,A,01,,W,H,-,-,2018
8546355,2,1,N,F,43,A,-,E,M,G,Y,-,3,-,-,"- ",,,N,-,0,1,A,2017,TOYOTA,A,01,,W,,-,-,2018
8546355,3,1,N,F,48,A,-,E,M,G,Y,-,3,-,-,"- ",,,N,-,0,0,A,2003,ACURA,A,01,,A,,-,-,2018
8546363,1,1,Y,F,24,A,-,W,M,G,Y,-,3,-,-,"- ",,,F,-,0,0,H,2004,INFINITI,A,07,,A,K,-,-,2018
8546363,2,1,N,M,45,A,-,W,M,G,Y,-,3,-,-,"- ",,,N,-,0,2,A,2012,MERCEDES-BENZ,A,01,,W,,-,-,2018
8546841,1,1,Y,F,90,-,F,E,M,G,Y,-,3,-,-,"- ",,,N,-,0,0,E,2014,TOYOTA,A,01,,B,,-,-,2018
8546841,2,1,N,M,68,A,-,W,M,G,Y,-,3,-,-,"- ",,,N,-,0,1,B,2005,CHRYSLER,A,01,,H,,-,-,2018
8546845,1,1,Y,F,68,A,-,N,L,G,Y,-,3,-,-,"- ",,,N,-,0,1,B,2009,FORD,A,07,,W,,-,-,2018
8546845,2,1,N,M,49,A,-,N,M,G,Y,-,3,-,-,"- ",,,N,-,0,0,A,2016,SUBARU,A,07,,O,,-,-,2018
8546845,3,1,N,-,998,A,-,N,-,-,,-,3,-,-,"- ",,,N,-,0,0,A,,-,A,01,,,,-,-,2018
8546848,1,1,Y,M,63,A,-,E,P,W,Y,-,3,-,-,"- ",,,F,-,0,1,B,2016,"DUCATI (MOTORCYCLE)",C,02,,W,K,-,-,2018
8546849,1,1,Y,M,20,A,-,W,L,G,Y,-,3,-,,31,22107,,A,-,0,1,C,2014,NISSAN,A,01,,H,,-,-,2018
8546865,1,1,Y,M,18,A,-,S,M,G,Y,-,3,-,-,"- ",,,F,-,0,1,B,1999,SUBARU,A,01,,W,K,-,-,2018
8546865,2,1,N,F,28,A,-,S,M,G,Y,-,3,-,-,"- ",,,N,-,0,0,A,2007,INFINITI,A,01,,H,,-,-,2018
8548129,1,1,Y,M,24,A,-,S,M,G,Y,-,3,-,-,"- ",,,N,-,0,0,H,2016,TOYOTA,A,01,,H,,-,-,2018
8548129,2,1,N,F,47,A,-,S,M,G,Y,-,3,-,-,"- ",,,N,-,0,1,H,2002,VOLKSWAGEN,A,01,,H,,-,-,2018
8548133,1,1,Y,M,90,A,-,N,M,G,Y,-,3,-,-,"- ",,,N,-,0,1,E,2017,TOYOTA,A,08,,W,,-,-,2018
8548133,2,1,N,M,18,A,-,W,L,G,Y,-,3,-,-,"- ",,,N,-,0,0,B,2010,VOLKSWAGEN,A,01,,W,,-,-,2018
8548133,3,5,N,-,998,A,-,S,-,-,O,-,-,-,-,"- ",,,N,-,0,0,A,2016,TOYOTA,A,01,,,,-,-,2018
8548137,1,1,Y,M,28,A,-,E,L,G,Y,-,3,-,-,"- ",,,N,-,0,1,L,2006,TOYOTA,A,01,,H,,-,-,2018
8548137,2,1,N,M,24,A,-,S,M,G,Y,-,3,-,-,"- ",,,N,-,0,0,B,1994,CHEVROLET,A,07,,H,,-,-,2018
8548145,1,1,Y,M,29,A,-,S,M,G,Y,-,3,-,-,"- ",,,N,-,0,0,-,2006,HONDA,A,01,,H,,-,-,2018
8548145,2,2,N,M,16,H,H,S,-,-,O,-,-,-,-,"- ",,,N,-,0,1,D,,-,N,60,,H,,-,-,2018
8548484,1,1,Y,M,63,A,-,N,L,G,Y,-,-,-,-,"- ",,,-,-,0,0,B,1988,GMC,-,,,W,,-,-,2018
8548484,2,1,N,M,14,A,-,E,L,G,Y,-,-,-,-,"- ",,,-,-,0,1,E,2014,CHEVROLET,-,,,H,,-,-,2018
8548488,1,1,Y,M,56,A,-,W,M,G,Y,-,3,-,-,"- ",,,N,-,0,0,E,2002,TOYOTA,-,,,H,,-,-,2018
8548488,2,1,N,F,77,A,-,S,L,G,Y,-,3,-,-,"- ",,,N,-,0,1,B,2000,NISSAN,-,,,W,,-,-,2018
8548492,1,1,Y,M,49,A,-,S,M,G,Y,-,-,-,-,"- ",,,-,-,0,0,B,1995,CHEVROLET,-,,,H,,-,-,2018
8548492,2,1,N,M,64,A,-,S,M,G,Y,-,-,-,-,"- ",,,-,-,0,1,A,1989,TOYOTA,-,,,H,,-,-,2018
8548496,1,4,Y,F,43,A,-,W,-,-,O,-,3,-,-,"- ",,,N,-,0,1,B,,-,L,04,,W,,-,-,2018
8548496,2,1,N,F,40,A,-,N,M,G,Y,-,3,-,-,"- ",,,N,-,0,0,E,2015,FORD,-,,,W,,-,-,2018
8548500,1,1,Y,M,95,A,-,S,L,G,Y,-,3,-,-,"- ",,,N,-,0,1,B,2000,LINCOLN,-,,,W,,-,-,2018
8548500,2,1,N,M,70,A,-,S,M,G,Y,-,3,-,-,"- ",,,N,-,0,1,A,2015,TOYOTA,-,,,W,,-,-,2018
8548504,1,1,Y,M,83,H,H,W,M,G,Y,-,-,-,-,"- ",,,N,-,0,0,B,2011,CHRYSLER,-,,,W,,-,-,2018
8548504,2,1,N,M,75,H,H,W,M,G,Y,-,-,-,-,"- ",,,N,-,0,2,A,2018,MERCEDES-BENZ,-,,,W,,-,-,2018
8548512,1,1,Y,F,76,A,-,N,L,G,Y,-,3,-,-,"- ",,,N,-,0,1,A,2010,TOYOTA,-,,,A,,-,-,2018
8548512,2,1,N,M,22,A,-,E,M,G,Y,-,3,-,-,"- ",,,N,-,0,0,B,2012,FORD,-,,,W,,-,-,2018
8548516,1,1,Y,M,76,B,-,W,M,G,Y,-,3,-,,20,23153,,A,-,0,0,B,2015,TOYOTA,-,,,W,,-,-,2018
8548516,2,3,N,-,998,H,H,-,-,-,O,-,-,-,-,"- ",,,-,-,0,0,O,2003,TOYOTA,-,,,,,-,-,2018
8548516,3,1,N,M,52,A,-,W,M,G,Y,-,3,-,-,"- ",,,-,-,0,2,A,2015,FORD,-,,,B,,-,-,2018
8548520,1,1,Y,M,64,B,-,E,G,M,Y,-,-,-,-,"- ",,,N,-,0,0,B,1999,DODGE,-,,,H,,-,-,2018
8548520,2,1,N,F,66,C,-,E,G,M,Y,-,-,-,-,"- ",,,N,-,0,1,B,2008,HONDA,-,,,H,,-,-,2018
8548524,1,1,Y,F,67,A,-,S,L,G,Y,-,3,-,-,"- ",,,N,-,0,1,B,2012,LEXUS,-,,,W,,-,-,2018
8548524,2,1,N,F,31,A,-,W,L,G,Y,-,3,-,-,"- ",,,N,-,0,1,B,2012,CHRYSLER,-,,,W,,-,-,2018
8548528,1,1,Y,M,47,A,-,W,L,G,Y,-,-,-,-,"- ",,,F,-,0,0,B,2007,TOYOTA,-,,,W,-,-,-,2018
8548528,2,1,N,F,35,A,-,W,L,G,Y,-,-,-,-,"- ",,,N,-,0,2,A,2007,BMW,-,,,H,,-,-,2018
8548528,3,1,N,M,24,A,-,W,M,G,Y,-,-,-,-,"- ",,,N,-,0,2,A,1997,FORD,-,,,H,,-,-,2018
8548576,1,1,Y,M,20,A,-,E,L,G,Y,-,3,-,-,"- ",,,N,-,0,0,B,2008,MITSUBISHI,A,01,,H,,-,-,2018
8548576,2,1,N,M,67,A,-,S,M,G,Y,-,3,-,-,"- ",,,N,-,0,1,E,2006,CHEVROLET,D,22,,W,,-,-,2018
8548600,1,1,Y,M,50,A,-,S,L,G,Y,-,3,-,-,"- ",,,N,-,0,1,J,1998,FORD,-,,,H,,-,-,2018
8548600,2,1,N,M,35,A,-,S,M,G,Y,-,3,-,-,"- ",,,N,-,0,0,B,2011,PETERBILT,-,,,H,,-,-,2018
8548600,3,1,N,F,30,A,-,S,M,G,Y,-,3,-,-,"- ",,,N,-,0,0,B,2015,NISSAN,-,,,H,,-,-,2018
8548722,1,1,Y,F,52,A,-,E,M,B,Y,-,3,-,-,"- ",,,N,-,0,0,E,2012,TOYOTA,A,01,,W,,-,-,2018
8548722,2,2,N,M,63,A,-,E,-,-,O,-,3,-,-,"- ",,,N,-,0,1,R,,-,N,60,,,,-,-,2018
8548726,1,1,Y,M,27,A,-,E,M,G,Y,-,3,-,,24,22450,A,A,-,0,1,H,2001,GMC,A,01,,H,,-,-,2018
8550210,1,1,N,F,86,A,-,N,M,G,Y,-,3,-,-,"- ",,,N,-,0,0,B,2015,TOYOTA,A,01,,W,,-,-,2018
8550210,2,1,N,F,28,A,-,W,L,G,Y,-,3,-,-,"- ",,,N,-,0,1,E,2012,FORD,A,01,,W,,-,-,2018
8550490,1,1,Y,-,998,D,-,E,-,-,Y,-,3,-,-,"- ",,,N,-,0,1,C,2012,JEEP,A,07,,,,-,-,2018
8551692,1,1,Y,F,21,A,-,E,M,G,Y,-,3,-,-,"- ",,,N,-,0,0,L,2007,CHRYSLER,A,08,,W,,-,-,2018
8551692,2,1,N,F,30,A,-,S,L,G,Y,-,3,-,-,"- ",,,N,-,0,1,B,2017,BMW,A,07,,A,,-,-,2018
8551696,1,1,Y,M,28,A,-,W,M,B,Y,-,3,-,-,"- ",,,N,-,0,0,B,2006,FORD,A,07,,H,,-,-,2018
8551696,2,1,N,M,48,A,-,W,M,G,Y,-,3,-,-,"- ",,,N,-,0,1,A,2002,DODGE,A,01,,H,,-,-,2018
8551700,1,1,Y,M,29,A,-,N,M,G,Y,-,3,-,-,"- ",,,N,-,0,0,B,2013,CHEVROLET,D,22,,W,,-,-,2018
8551700,2,1,N,M,56,A,-,N,P,W,Y,-,3,-,-,"- ",,,N,-,0,1,D,2007,BMW,C,02,,W,,-,-,2018
8551700,3,1,N,F,60,A,-,W,M,G,Y,-,3,-,-,"- ",,,N,-,0,0,A,2017,INFINITI,A,07,,W,,-,-,2018
8551708,1,1,Y,F,38,A,-,W,M,G,Y,-,3,-,-,"- ",,,N,-,0,1,E,2007,FORD,A,07,,H,,-,-,2018
8551708,2,1,N,M,21,A,-,E,M,G,Y,-,3,-,-,"- ",,,N,-,0,1,B,1993,CHEVROLET,A,01,,W,,-,-,2018
8551755,1,1,Y,M,90,A,-,S,L,G,Y,-,3,-,,31,22107,,A,-,0,1,D,2016,BUICK,A,01,,W,,-,-,2018
8551755,2,1,N,M,16,A,-,S,M,G,Y,-,3,-,-,"- ",,,N,-,0,1,B,2001,BMW,A,01,,W,,-,-,2018
8554420,1,1,Y,M,38,A,-,E,M,G,Y,-,3,-,-,"- ",,,-,-,0,0,G,1999,TOYOTA,A,07,,W,,-,-,2018
8554420,2,2,N,F,75,-,,S,-,-,O,-,-,-,-,"- ",,,-,-,0,1,-,,-,N,60,,W,,-,-,2018
8554510,1,1,Y,M,44,A,-,W,L,H,Y,-,3,-,-,"- ",,,N,-,0,0,E,2014,CADILLAC,A,01,,W,,-,-,2018
8554510,2,1,N,F,30,A,-,E,L,G,Y,-,3,-,-,"- ",,,N,-,0,1,B,2006,PONTIAC,A,01,,H,,-,-,2018
8555282,1,1,Y,F,21,A,-,W,M,G,Y,-,-,-,-,"- ",,,F,-,0,1,B,2010,INFINITI,A,01,,W,-,-,-,2018
8555282,2,1,N,M,43,A,-,W,M,G,Y,-,-,-,-,"- ",,,N,-,0,0,A,2007,GMC,A,01,,H,,-,-,2018
8555287,1,1,Y,M,46,A,-,W,L,G,Y,-,3,-,-,"- ",,,N,-,0,1,E,2008,CHRYSLER,A,08,,A,,-,-,2018
8555287,2,1,N,F,18,A,-,E,L,G,Y,-,3,-,-,"- ",,,N,-,0,1,B,2010,HONDA,A,01,,H,,-,-,2018
8555452,1,1,Y,F,76,A,-,N,M,G,Y,-,3,-,-,"- ",,,N,-,0,1,B,2007,TOYOTA,A,01,,W,,-,-,2018
8555452,2,1,N,F,33,A,-,W,L,G,Y,-,3,-,-,"- ",,,N,-,0,0,L,2016,HONDA,A,07,,W,,-,-,2018
8555534,1,1,Y,F,49,A,-,S,M,G,Y,-,3,-,-,"- ",,,N,-,0,0,L,2012,TOYOTA,A,07,,A,,-,-,2018
8555534,2,2,N,F,9,A,-,W,-,-,O,-,3,-,-,"- ",,,N,-,0,1,-,,-,N,60,,H,,-,-,2018
8555538,1,1,Y,M,21,B,E,N,L,H,Y,-,3,-,-,"- ",,,N,-,0,1,B,1998,VOLVO,A,01,,W,,-,-,2018
8555542,1,1,Y,M,85,A,-,W,M,G,Y,-,3,-,-,"- ",,,N,-,0,0,D,2012,CHRYSLER,A,01,,W,,-,-,2018
8555542,2,4,N,M,48,A,-,W,-,-,O,-,3,-,-,"- ",,,N,-,0,1,B,,-,L,04,,W,,-,-,2018
8556048,1,1,Y,F,51,A,-,S,L,G,Y,-,3,-,-,"- ",,,-,-,0,1,E,1993,TOYOTA,-,,,H,,-,-,2018
8556048,2,1,N,F,19,A,-,E,L,G,Y,-,3,-,,25,22350,,A,-,0,1,B,2003,SATURN,-,,,W,,-,-,2018
8556052,1,1,Y,F,22,A,-,N,M,G,Y,-,-,-,-,"- ",,,N,-,0,0,E,2005,TOYOTA,-,,,H,,-,-,2018
8556052,2,1,N,M,38,A,-,W,P,W,Y,-,-,-,-,"- ",,,N,-,0,1,B,2014,HARLEY-DAVIDSON,-,,,W,,-,-,2018
8556052,3,1,N,F,19,A,-,S,M,G,Y,-,-,-,-,"- ",,,N,-,0,0,L,2000,CHEVROLET,-,,,W,,-,-,2018
8556342,1,1,Y,F,28,A,-,W,L,G,Y,-,3,-,-,"- ",,,N,-,0,0,B,2015,TOYOTA,A,01,,W,,-,-,2018
8556342,2,1,N,M,50,A,-,W,M,G,Y,-,3,-,-,"- ",,,N,-,0,0,A,2001,JEEP,A,01,,W,,-,-,2018
8556342,3,1,N,M,51,A,-,W,M,G,Y,-,3,-,-,"- ",,,N,-,0,1,A,2012,INFINITI,A,01,,W,,-,-,2018
8556404,1,1,Y,F,56,A,-,S,L,G,Y,-,3,-,-,"- ",,,N,-,0,1,L,2016,SCION,A,01,,W,,-,-,2018
8556404,2,1,N,F,18,A,-,W,L,G,Y,-,3,-,-,"- ",,,N,-,0,1,B,2017,HONDA,A,01,,H,,-,-,2018
8556404,3,3,N,-,998,H,H,W,-,-,O,-,3,-,-,"- ",,,N,-,0,0,O,1993,LEXUS,A,01,,,,-,-,2018
8557067,1,2,Y,M,10,H,H,E,-,-,O,-,3,-,-,"- ",,,M,-,0,1,R,,-,N,60,,H,,-,-,2018
8557067,2,1,N,M,41,H,H,S,M,G,Y,-,3,-,-,"- ",,,N,-,0,0,B,2017,FORD,D,22,,H,,-,-,2018
8558004,1,1,Y,M,22,A,-,W,M,G,N,-,3,-,-,"- ",,,N,-,0,0,B,2003,INFINITI,A,01,,H,,-,-,2018
8558004,2,4,N,M,27,A,-,W,P,-,O,-,3,-,-,"- ",,,N,-,0,1,B,,-,L,04,,H,,-,-,2018
8560225,1,1,Y,M,33,B,-,E,M,L,Y,-,1,-,,00,23123,A,A,-,0,1,B,2004,MINI,-,,,W,,-,-,2018
8560244,1,2,Y,M,86,A,-,W,-,-,O,-,3,-,-,"- ",,,N,-,0,1,-,,-,N,60,,A,,-,-,2018
8560244,2,1,N,M,20,A,-,N,M,G,Y,-,3,-,-,"- ",,,N,-,0,0,H,2008,HONDA,A,01,,W,,-,-,2018
8560248,1,1,Y,F,58,B,-,N,M,G,Y,-,3,-,,33,21453,B,A,-,0,0,D,2016,BMW,A,01,,W,,-,-,2018
8560248,2,1,N,F,19,A,-,S,M,G,Y,-,3,-,-,"- ",,,N,-,0,1,E,2003,HONDA,A,01,,W,,-,-,2018
8560252,1,1,Y,M,20,A,-,N,L,G,Y,-,3,-,-,"- ",,,F,-,0,0,B,2008,HONDA,A,01,,W,-,-,-,2018
8560252,2,1,N,F,55,A,-,W,M,G,Y,-,3,-,-,"- ",,,N,-,0,1,B,2005,NISSAN,A,01,,H,,-,-,2018
8560744,1,1,Y,F,67,A,-,E,M,G,Y,-,3,-,-,"- ",,,F,-,0,1,B,2011,HYUNDAI,A,01,,W,K,-,-,2018
8560744,2,3,N,-,998,H,H,E,-,-,O,-,3,-,-,"- ",,,N,-,0,0,O,2018,CADILLAC,A,01,,,,-,-,2018
8565953,1,1,Y,M,23,G,G,N,L,B,N,-,3,-,,31,22107,,A,-,0,1,M,2003,MERCEDES-BENZ,A,01,,W,,-,-,2018
8568910,1,1,Y,M,53,A,-,S,L,G,Y,-,-,-,-,"- ",,,N,-,0,1,B,2008,FORD,A,01,,W,,-,-,2018
8568910,2,1,N,F,66,A,-,E,L,G,Y,-,-,-,-,"- ",,,N,-,0,0,E,2006,TOYOTA,A,01,,W,,-,-,2018
8568922,1,1,Y,M,18,A,-,W,M,G,Y,-,3,-,-,"- ",,,N,-,0,1,B,2000,FORD,-,,,W,,-,-,2018
8568922,2,1,N,M,75,A,-,N,L,G,Y,-,3,-,-,"- ",,,N,-,0,0,E,2003,CHEVROLET,-,,,W,,-,-,2018
8568922,3,1,N,M,52,A,-,S,M,G,Y,-,3,-,-,"- ",,,-,-,0,1,H,2016,MAZDA,-,,,W,,-,-,2018
8568922,4,1,N,M,87,A,-,S,M,G,Y,-,3,-,-,"- ",,,N,-,0,0,A,2008,NISSAN,-,,,W,,-,-,2018
8568934,1,1,Y,M,21,A,-,S,L,G,Y,-,3,-,-,"- ",,,F,-,0,0,B,2017,TOYOTA,-,,,W,D,-,-,2018
8568934,2,1,N,M,68,A,-,E,L,G,Y,-,3,-,-,"- ",,,N,-,0,1,D,2017,NISSAN,-,,,H,,-,-,2018
8568946,1,1,Y,M,21,A,-,E,M,G,Y,-,3,-,-,"- ",,,N,-,0,0,L,1998,ACURA,A,01,,H,,-,-,2018
8568946,2,1,N,F,55,A,-,S,L,G,Y,-,3,-,-,"- ",,,N,-,0,2,B,2016,CHEVROLET,A,01,,W,,-,-,2018
8575202,1,1,N,F,17,A,-,S,L,G,Y,-,3,-,-,"- ",,,N,-,0,0,B,2016,KIA,A,01,,W,,-,-,2018
8575202,2,1,N,F,34,A,-,W,L,G,Y,-,3,-,-,"- ",,,N,-,0,1,E,2017,NISSAN,A,01,,H,,-,-,2018
8575206,1,1,Y,F,18,A,-,W,M,G,Y,-,3,-,-,"- ",,,N,-,0,1,B,2014,FORD,A,01,,W,,-,-,2018
8575206,2,1,N,F,47,A,-,W,M,G,Y,-,3,-,-,"- ",,,N,-,0,1,H,2017,TOYOTA,A,01,,H,,-,-,2018
8575293,1,1,N,M,42,A,-,S,M,G,Y,-,3,-,-,"- ",,,N,-,0,0,E,1994,"INTERNATIONAL HARVESTER",G,26,31,H,,-,-,2018
8575293,2,1,N,F,16,A,-,W,L,G,Y,-,3,-,-,"- ",,,N,-,0,1,B,2009,NISSAN,A,01,,W,,-,-,2018
8593900,1,1,Y,-,998,G,G,S,-,-,,-,-,-,-,"- ",,,N,-,0,0,B,,-,-,,,,,-,-,2018
8593900,2,2,N,M,30,G,G,-,-,-,O,-,3,-,-,"- ",,,N,-,0,1,B,,-,N,60,,W,,-,-,2018
8596963,1,1,Y,M,76,A,-,W,N,G,N,-,3,-,-,"- ",,,N,-,0,0,E,1991,NISSAN,D,22,,H,,-,-,2018
8596963,2,1,N,M,75,A,-,E,P,-,Y,-,3,-,-,"- ",,,N,-,0,1,B,2003,HARLEY-DAVIDSON,C,02,,W,,-,-,2018
8596964,1,4,Y,M,23,A,-,N,-,-,O,-,3,-,-,"- ",,,N,-,0,1,B,,-,L,04,,,,-,-,2018
8596964,2,1,N,-,998,G,G,E,-,-,,-,-,-,-,"- ",,,N,-,0,0,B,,-,D,22,,,,-,-,2018
8596967,1,1,Y,M,31,A,-,W,M,G,Y,-,3,-,-,"- ",,,N,-,0,0,E,2017,HINO,I,11,,H,,-,-,2018
8596967,2,1,N,M,20,A,-,E,M,G,N,-,3,-,-,"- ",,,N,-,0,1,B,2006,DODGE,-,,,H,,-,-,2018
8596971,1,1,Y,-,998,G,G,S,-,-,Y,-,-,-,-,"- ",,,-,-,0,1,B,2007,NISSAN,F,21,,,,-,-,2018
8596971,2,3,N,-,998,H,H,S,-,-,O,-,3,-,-,"- ",,,N,-,0,1,O,1997,LEXUS,A,01,,,,-,-,2018
8596979,1,1,Y,M,43,A,-,S,M,G,Y,-,3,-,-,"- ",,,N,-,0,1,B,2013,TOYOTA,F,26,,W,,-,-,2018
8596979,2,3,N,-,998,H,H,W,-,-,O,-,-,-,-,"- ",,,N,-,0,0,O,2000,JEEP,A,07,,,,-,-,2018
8596983,1,1,Y,M,29,A,-,S,M,G,N,-,3,-,-,"- ",,,N,-,0,1,B,2017,CHEVROLET,A,01,,H,,-,-,2018
8596983,2,1,N,M,46,A,-,E,M,G,Y,-,3,-,-,"- ",,,N,-,0,0,B,,"OTHER - DOMESTIC",F,26,,H,,-,-,2018
8596995,1,1,Y,M,33,A,-,E,K,G,N,-,3,-,-,"- ",,,N,-,0,0,B,2004,CHEVROLET,A,71,,H,,-,-,2018
8596995,2,1,N,M,23,A,-,N,M,G,N,-,3,-,-,"- ",,,N,-,0,1,B,2001,HONDA,A,01,,H,,-,-,2018
8597007,1,1,Y,M,25,A,-,S,M,G,Y,-,3,-,-,"- ",,,N,-,0,0,D,2017,CHEVROLET,D,22,,H,,-,-,2018
8597007,2,1,N,M,68,A,-,S,M,G,Y,-,3,-,-,"- ",,,N,-,0,1,B,2006,NISSAN,A,01,,H,,-,-,2018
8597011,1,1,Y,F,68,A,-,W,M,G,Y,-,3,-,-,"- ",,,N,-,0,0,G,2006,FORD,D,82,,W,,-,-,2018
8597011,2,1,N,F,32,A,-,S,M,G,Y,-,3,-,-,"- ",,,N,-,0,3,B,2016,KIA,A,01,,H,,-,-,2018
8597015,1,1,Y,M,27,A,-,N,M,G,,-,3,-,-,"- ",,,N,-,0,0,D,1990,NISSAN,D,22,,H,,-,-,2018
8597015,2,4,N,M,18,A,-,E,-,-,O,-,3,-,-,"- ",,,-,-,0,1,B,,-,L,04,,H,,-,-,2018
8597019,1,1,Y,-,998,G,G,E,-,-,,-,-,-,-,"- ",,,-,-,0,0,B,1996,HONDA,A,01,,,,-,-,2018
8597019,2,1,N,M,34,A,-,E,M,G,Y,-,3,-,-,"- ",,,N,-,0,1,B,2001,FORD,D,22,,,,-,-,2018
8597026,1,1,Y,M,24,A,-,W,L,G,Y,-,3,-,-,"- ",,,N,-,0,0,E,2013,CHEVROLET,A,01,,H,,-,-,2018
8597026,2,1,N,M,29,A,-,S,L,H,Y,-,3,-,-,"- ",,,N,-,0,1,B,2007,CHEVROLET,D,82,,W,,-,-,2018
8597026,3,3,N,-,998,H,H,-,-,-,O,-,-,-,-,"- ",,,N,-,0,0,O,2002,GMC,A,07,,,,-,-,2018
8597038,1,4,Y,F,60,B,-,E,-,-,O,-,3,-,-,"- ",,,N,-,0,1,B,,-,L,04,,,,-,-,2018
8597038,2,1,N,M,35,A,-,W,M,G,Y,-,3,-,-,"- ",,,N,-,0,0,E,2007,TOYOTA,D,22,,H,,-,-,2018
8597039,1,1,Y,M,45,A,-,S,L,G,Y,-,3,-,-,"- ",,,N,-,0,2,B,2000,NISSAN,A,01,,H,,-,-,2018
8597039,2,1,N,M,30,A,-,E,M,G,Y,-,3,-,-,"- ",,,N,-,0,0,E,2011,FORD,D,22,,H,,-,-,2018
8599128,1,1,Y,M,25,B,E,E,L,B,N,-,-,-,,25,22350,,A,-,0,1,B,1995,TOYOTA,A,01,,H,,-,-,2018
8599128,2,1,N,M,19,A,-,E,L,G,N,-,-,-,-,"- ",,,N,-,0,1,B,2014,JEEP,A,01,,H,,-,-,2018
8599132,1,1,Y,F,31,A,-,E,M,G,Y,-,3,-,-,"- ",,,N,-,0,0,B,2005,HONDA,A,01,,H,,-,-,2018
8599132,2,1,N,F,49,A,-,W,M,G,Y,-,3,-,-,"- ",,,N,-,0,1,E,2014,TOYOTA,A,01,,H,,-,-,2018
8599136,1,1,Y,M,65,A,-,E,M,G,Y,-,3,-,-,"- ",,,N,-,0,0,D,2012,KIA,A,01,,H,,-,-,2018
8599136,2,1,N,M,31,A,-,E,L,G,N,-,3,-,-,"- ",,,N,-,0,1,B,2009,VOLKSWAGEN,A,01,,H,,-,-,2018
8599140,1,4,Y,M,16,A,-,E,-,-,O,-,3,-,,39,21201,D,A,-,0,1,L,,-,L,04,,H,,-,-,2018
8599140,2,1,N,M,26,A,-,S,M,G,Y,-,3,-,-,"- ",,,N,-,0,0,A,2014,DODGE,A,01,,B,,-,-,2018
8599144,1,1,Y,M,53,A,-,E,M,G,Y,-,3,-,-,"- ",,,N,-,0,0,D,2005,GMC,A,01,,H,,-,-,2018
8599144,2,2,N,M,18,A,-,-,-,-,O,-,3,-,-,"- ",,,N,-,0,1,B,,-,N,60,,H,,-,-,2018
8599148,1,1,Y,M,30,A,-,W,M,G,Y,-,3,-,-,"- ",,,N,-,0,1,E,1990,TOYOTA,A,01,,H,,-,-,2018
8599148,2,1,N,F,45,A,-,S,M,G,Y,-,3,-,-,"- ",,,N,-,0,2,B,2003,ACURA,A,01,,H,,-,-,2018
8599148,3,1,N,F,26,A,-,E,M,G,Y,-,3,-,-,"- ",,,N,-,0,0,A,1999,BMW,A,01,,H,,-,-,2018
8599152,1,1,Y,M,33,A,-,E,L,G,Y,-,3,-,-,"- ",,,N,-,0,0,B,2017,TOYOTA,A,01,,O,,-,-,2018
8599152,2,1,N,M,20,A,-,S,M,G,N,-,3,-,-,"- ",,,N,-,0,1,B,2005,GMC,A,01,,H,,-,-,2018
8599156,1,1,Y,M,36,A,-,N,M,G,Y,-,3,-,-,"- ",,,N,-,0,0,E,2004,HONDA,A,08,,H,,-,-,2018
8599156,2,1,N,F,29,A,-,S,M,G,Y,-,3,-,-,"- ",,,N,-,0,2,B,2005,NISSAN,A,07,,H,,-,-,2018
8599160,1,1,Y,F,49,A,-,N,M,G,Y,-,3,-,-,"- ",,,N,-,0,0,B,2014,FORD,A,01,,H,,-,-,2018
8599160,2,1,N,M,33,A,-,N,L,G,Y,-,3,-,-,"- ",,,N,-,0,1,H,2010,CHEVROLET,A,01,,H,,-,-,2018
8599164,1,1,N,M,48,A,-,W,L,G,Y,-,3,-,-,"- ",,,N,-,0,1,B,1998,TOYOTA,A,01,,B,,-,-,2018
8599164,2,1,N,M,54,A,-,E,M,G,Y,-,3,-,-,"- ",,,N,-,0,2,E,1995,TOYOTA,A,01,,H,,-,-,2018
8599168,1,1,Y,M,17,A,-,W,M,G,Y,-,3,-,,47,12500,A,A,-,0,2,E,1999,HONDA,A,01,,H,,-,-,2018
8599168,2,1,N,F,61,A,-,E,M,G,Y,-,3,-,-,"- ",,,N,-,0,0,B,2015,LEXUS,A,07,,W,,-,-,2018
8599172,1,1,Y,-,998,H,H,E,-,-,,-,-,-,-,"- ",,,-,-,0,0,B,,HONDA,-,99,,,,-,-,2018
8599172,2,1,N,M,53,A,-,E,M,G,Y,-,3,-,-,"- ",,,N,-,0,1,A,2007,CHRYSLER,A,01,,H,,-,-,2018
8599176,1,1,Y,M,40,A,-,W,M,G,Y,-,3,-,-,"- ",,,N,-,0,0,B,2001,CHEVROLET,D,22,,H,,-,-,2018
8599176,2,1,N,M,46,A,-,W,M,G,N,-,3,-,-,"- ",,,N,-,0,1,A,2003,JEEP,A,07,,H,,-,-,2018
8599180,1,1,Y,F,18,A,-,S,M,G,Y,-,3,-,-,"- ",,,N,-,0,0,E,2003,CHRYSLER,A,01,,H,,-,-,2018
8599180,2,1,N,F,24,A,-,W,M,G,Y,-,3,-,-,"- ",,,N,-,0,1,B,2008,SCION,A,01,,H,,-,-,2018
8599184,1,1,Y,M,60,A,-,W,M,G,Y,-,3,-,-,"- ",,,N,-,0,0,E,2013,HYUNDAI,A,01,,H,,-,-,2018
8599184,2,2,N,F,22,A,-,-,-,-,O,-,3,-,-,"- ",,,N,-,0,1,B,,-,N,60,,H,,-,-,2018
8599184,3,2,N,F,15,A,-,-,-,-,O,-,3,-,-,"- ",,,N,-,0,1,B,,-,N,60,,H,,-,-,2018
8599188,1,1,Y,M,24,B,-,S,L,B,,-,-,-,,31,22107,,A,-,0,1,B,2005,VOLKSWAGEN,A,01,,H,,-,-,2018
8599188,2,1,N,F,56,A,-,S,M,G,Y,-,-,-,-,"- ",,,-,-,0,0,B,2004,VOLVO,A,01,,H,,-,-,2018
8599188,3,3,N,-,998,H,H,N,-,-,O,-,-,-,-,"- ",,,-,-,0,0,O,2016,TOYOTA,A,01,,,,-,-,2018
8599192,1,1,Y,M,22,B,-,N,M,G,,-,3,-,,31,22107,,A,-,0,1,B,2001,JEEP,A,07,,O,,-,-,2018
8599196,1,1,Y,M,40,A,-,S,M,B,,-,3,-,,31,22107,,A,-,0,0,D,2007,NISSAN,A,01,,H,,-,-,2018
8599196,2,1,N,F,53,A,-,S,M,G,Y,-,3,-,-,"- ",,,N,-,0,1,B,1993,TOYOTA,A,01,,H,,-,-,2018
8599200,1,1,Y,F,56,A,-,W,M,G,Y,-,3,-,-,"- ",,,N,-,0,0,D,2007,TOYOTA,A,01,,W,,-,-,2018
8599200,2,2,N,M,76,A,-,-,-,-,O,-,3,-,-,"- ",,,N,-,0,1,B,,-,N,60,,H,,-,-,2018
8599398,1,1,Y,-,998,G,G,S,-,-,N,-,-,-,-,"- ",,,N,-,0,0,B,,-,-,99,,,,-,-,2018
8599398,2,2,N,F,60,A,-,-,-,-,O,-,3,-,-,"- ",,,N,-,0,1,R,,-,N,60,,H,,-,-,2018
8599402,1,1,N,M,36,A,-,N,M,G,Y,-,3,-,-,"- ",,,N,-,0,0,B,2005,CHEVROLET,A,08,,H,,-,-,2018
8599402,2,1,N,M,81,A,-,S,M,G,N,-,3,-,-,"- ",,,N,-,0,1,B,1998,HONDA,A,01,,H,,-,-,2018
8599406,1,1,Y,F,19,A,-,S,L,G,Y,-,3,-,-,"- ",,,N,-,0,1,E,2010,TOYOTA,A,01,,H,,-,-,2018
8599406,2,1,N,M,60,A,-,N,M,G,Y,-,3,-,-,"- ",,,N,-,0,1,B,1990,NISSAN,A,01,,W,,-,-,2018
8599406,3,1,N,F,46,A,-,W,M,G,Y,-,3,-,-,"- ",,,N,-,0,1,D,2004,HONDA,A,01,,H,,-,-,2018
8599410,1,1,Y,F,24,A,-,W,M,G,Y,-,3,-,-,"- ",,,N,-,0,0,D,2005,LEXUS,A,01,,H,,-,-,2018
8599410,2,1,N,F,58,A,-,W,M,G,Y,-,3,-,-,"- ",,,N,-,0,1,D,2004,MINI,A,01,,W,,-,-,2018
8601440,1,1,Y,F,38,B,-,E,M,G,,-,-,-,,25,22350,,A,-,0,0,B,2001,CHEVROLET,A,07,,B,,-,-,2018
8601440,2,1,N,F,55,G,G,W,L,G,Y,-,-,-,-,"- ",,,N,-,0,2,D,2007,KIA,A,01,,W,,-,-,2018
8608164,1,1,Y,M,30,A,-,S,M,U,N,-,-,-,-,"- ",,,-,-,0,1,F,2015,"OTHER - MOPED",C,03,,H,,-,-,2018
8608168,1,1,Y,F,30,A,-,W,M,G,N,-,3,-,-,"- ",,,N,-,0,0,E,2005,NISSAN,A,01,,H,,-,-,2018
8608168,2,1,N,M,46,A,-,E,L,G,Y,-,3,-,-,"- ",,,N,-,0,1,B,1997,HONDA,A,01,,H,,-,-,2018
8608172,1,1,Y,M,51,A,-,S,L,G,Y,-,3,-,-,"- ",,,N,-,0,1,B,2000,NISSAN,A,01,,H,,-,-,2018
8608172,2,1,N,M,70,A,-,S,L,G,Y,-,3,-,-,"- ",,,N,-,0,1,B,2011,KIA,A,01,,W,,-,-,2018
8608176,1,1,Y,M,49,A,-,S,L,G,N,-,3,-,-,"- ",,,N,-,0,1,B,2008,MITSUBISHI,A,01,,,,-,-,2018
8608176,2,1,N,M,65,A,-,N,M,G,Y,-,3,-,-,"- ",,,N,-,0,0,E,2016,HYUNDAI,A,01,,W,,-,-,2018
8608180,1,1,Y,M,71,A,-,S,M,G,Y,-,3,-,-,"- ",,,N,-,0,0,E,2001,FORD,E,22,35,H,,-,-,2018
8608180,2,2,N,M,12,A,-,-,-,-,O,-,3,-,-,"- ",,,N,-,0,1,B,,-,N,60,,H,,-,-,2018
8608184,1,1,Y,F,48,A,-,E,L,G,Y,-,3,-,-,"- ",,,N,-,0,0,E,2017,NISSAN,A,01,,A,,-,-,2018
8608184,2,1,N,M,38,A,-,W,L,G,Y,-,3,-,-,"- ",,,N,-,0,1,B,1994,FORD,A,01,,H,,-,-,2018
8608188,1,1,Y,M,30,A,-,W,L,G,Y,-,3,-,-,"- ",,,N,-,0,0,E,2008,CHEVROLET,A,01,,H,,-,-,2018
8608188,2,1,N,F,70,A,-,E,L,G,Y,-,3,-,-,"- ",,,N,-,0,1,B,2000,TOYOTA,A,01,,H,,-,-,2018
8608192,1,4,Y,M,20,A,-,-,B,V,O,-,3,-,-,"- ",,,N,-,0,1,B,,-,L,04,,H,,-,-,2018
8608192,2,1,N,M,79,A,-,S,M,G,Y,-,3,-,-,"- ",,,N,-,0,0,L,2017,HONDA,A,01,,A,,-,-,2018
8608196,1,1,Y,-,998,G,G,W,-,-,N,-,3,-,-,"- ",,,N,-,0,0,B,,-,A,01,,,,-,-,2018
8608196,2,2,N,M,17,A,-,W,-,-,O,-,3,-,-,"- ",,,N,-,0,1,-,,-,N,60,,W,,-,-,2018
8608200,1,1,Y,M,57,A,-,S,M,G,Y,-,3,-,-,"- ",,,N,-,0,0,H,2002,FORD,A,08,,H,,-,-,2018
8608200,2,1,N,M,67,A,-,S,M,G,Y,-,3,-,-,"- ",,,N,-,0,1,A,1999,BMW,A,07,,O,,-,-,2018
8608204,1,1,Y,F,23,A,-,S,L,G,Y,-,3,-,-,"- ",,,N,-,0,0,E,2012,HONDA,A,01,,W,,-,-,2018
8608204,2,1,N,M,27,A,-,W,L,G,Y,-,3,-,-,"- ",,,N,-,0,1,B,2015,TOYOTA,A,01,,H,,-,-,2018
8608208,1,1,Y,F,26,A,-,S,M,G,Y,-,3,-,-,"- ",,,N,-,0,0,B,2009,TOYOTA,A,01,,H,,-,-,2018
8608208,2,1,N,F,55,A,-,N,M,G,Y,-,3,-,-,"- ",,,N,-,0,1,F,2014,HONDA,A,01,,B,,-,-,2018
8608212,1,1,Y,F,19,A,-,N,L,G,Y,-,3,-,-,"- ",,,N,-,0,1,B,2005,BMW,A,01,,H,,-,-,2018
8608212,2,1,N,M,58,A,-,W,L,G,Y,-,3,-,-,"- ",,,N,-,0,1,B,2004,NISSAN,A,01,,H,,-,-,2018
8608216,1,1,Y,M,30,A,-,N,L,G,Y,-,3,-,-,"- ",,,N,-,0,1,E,1999,HONDA,A,01,,H,,-,-,2018
8608216,2,1,N,M,24,A,-,S,M,G,Y,-,3,-,-,"- ",,,N,-,0,0,B,2006,FORD,A,01,,H,,-,-,2018
8608220,1,1,Y,M,64,A,-,E,L,G,Y,-,3,-,-,"- ",,,N,-,0,0,E,2012,HONDA,A,01,,H,,-,-,2018
8608220,2,1,N,F,43,A,-,W,L,G,Y,-,3,-,-,"- ",,,N,-,0,2,B,2014,ACURA,A,01,,H,,-,-,2018
8608224,1,1,Y,M,20,A,-,E,M,G,Y,-,3,-,-,"- ",,,N,-,0,1,E,2008,CADILLAC,A,01,,H,,-,-,2018
8608224,2,1,N,F,58,A,-,W,L,G,Y,-,3,-,-,"- ",,,N,-,0,1,B,2010,CHRYSLER,A,01,,W,,-,-,2018
8608228,1,1,Y,M,33,A,-,E,M,G,Y,-,3,-,-,"- ",,,N,-,0,1,B,2002,TOYOTA,A,01,,H,,-,-,2018
8608228,2,1,N,M,51,A,-,N,L,G,Y,-,3,-,-,"- ",,,N,-,0,1,B,2000,CHEVROLET,A,01,,H,,-,-,2018
8608236,1,1,Y,M,19,A,-,E,L,G,N,-,3,-,-,"- ",,,N,-,0,3,A,2013,LEXUS,A,01,,H,,-,-,2018
8608236,2,1,N,F,43,A,-,S,M,G,Y,-,3,-,-,"- ",,,N,-,0,1,B,2003,CHEVROLET,A,01,,H,,-,-,2018
8608240,1,1,Y,M,25,B,-,W,L,G,Y,-,3,-,-,"- ",,,F,-,0,0,B,2001,CHEVROLET,A,01,,H,-,-,-,2018
8608240,2,1,N,M,25,A,-,W,M,G,N,-,3,-,-,"- ",,,-,-,0,1,A,2007,FORD,A,01,,H,,-,-,2018
8608257,1,1,Y,F,35,A,-,W,M,G,Y,-,-,-,-,"- ",,,N,-,0,0,E,2014,GMC,A,08,,H,,-,-,2018
8608257,2,1,N,F,37,A,-,E,M,G,N,-,3,-,-,"- ",,,N,-,0,1,B,2007,MAZDA,A,01,,O,,-,-,2018
8608261,1,1,Y,-,998,G,G,N,-,-,N,-,-,-,-,"- ",,,N,-,0,0,B,2008,KIA,A,08,,,,-,-,2018
8608261,2,1,N,F,50,A,-,N,M,G,N,-,3,-,-,"- ",,,N,-,0,1,H,2005,TOYOTA,A,01,,H,,-,-,2018
8608261,3,1,N,F,45,A,-,N,M,G,Y,-,3,-,-,"- ",,,N,-,0,0,H,2011,GMC,A,07,,H,,-,-,2018
8608265,1,1,Y,M,46,A,-,S,M,G,Y,-,3,-,-,"- ",,,N,-,0,0,B,2003,KIA,A,01,,W,,-,-,2018
8608265,2,1,N,M,46,A,-,S,M,G,Y,-,3,-,-,"- ",,,N,-,0,2,H,2000,TOYOTA,A,01,,W,,-,-,2018
8608265,3,1,N,M,44,A,-,S,M,G,Y,-,3,-,-,"- ",,,N,-,0,0,A,1995,CHEVROLET,A,01,,H,,-,-,2018
8608269,1,1,Y,M,70,A,-,S,M,G,Y,-,3,-,-,"- ",,,N,-,0,2,B,1975,PONTIAC,A,01,,H,,-,-,2018
8608269,2,1,N,F,48,A,-,W,L,G,Y,-,3,-,-,"- ",,,N,-,0,1,B,2015,TOYOTA,A,08,,H,,-,-,2018
8608269,3,1,N,F,43,A,-,E,M,G,Y,-,3,-,-,"- ",,,N,-,0,0,B,2014,TOYOTA,A,01,,H,,-,-,2018
8608273,1,1,Y,M,22,A,-,S,M,G,Y,-,3,-,-,"- ",,,N,-,0,1,B,2012,FIAT,A,01,,W,,-,-,2018
8608273,2,1,N,F,22,A,-,S,M,G,Y,-,3,-,-,"- ",,,N,-,0,1,B,1996,CHEVROLET,A,01,,H,,-,-,2018
8608273,3,1,N,M,55,A,-,S,M,G,Y,-,3,-,-,"- ",,,N,-,0,0,B,2002,DODGE,A,01,,W,,-,-,2018
8608277,1,4,Y,M,12,A,-,-,-,-,O,-,3,-,-,"- ",,,N,-,0,1,B,,-,L,04,,H,,-,-,2018
8608277,2,1,N,F,20,A,-,W,M,G,Y,-,3,-,-,"- ",,,N,-,0,0,B,2007,TOYOTA,A,01,,H,,-,-,2018
8608281,1,4,Y,M,7,A,-,N,-,-,O,-,-,-,-,"- ",,,N,-,0,1,B,,-,L,04,,H,,-,-,2018
8608281,2,1,N,F,43,A,-,W,M,G,Y,-,-,-,-,"- ",,,N,-,0,0,B,2005,TOYOTA,A,01,,H,,-,-,2018
8608285,1,1,Y,M,16,A,-,S,L,G,Y,-,3,-,-,"- ",,,N,-,0,2,B,2007,CADILLAC,A,07,,H,,-,-,2018
8608285,2,1,N,F,37,A,-,W,M,G,Y,-,3,-,-,"- ",,,N,-,0,1,B,2014,HONDA,A,07,,H,,-,-,2018
8608289,1,1,Y,F,18,A,-,E,L,G,Y,-,-,-,-,"- ",,,N,-,0,0,E,2007,CHEVROLET,A,07,,H,,-,-,2018
8608289,2,1,N,M,37,A,-,W,L,G,Y,-,3,-,-,"- ",,,N,-,0,1,B,2011,DODGE,A,07,,H,,-,-,2018
8608293,1,1,Y,-,998,G,G,E,-,-,N,-,-,-,-,"- ",,,N,-,0,0,B,,DODGE,A,01,,,,-,-,2018
8608293,2,1,N,F,31,A,-,E,M,G,Y,-,3,-,-,"- ",,,N,-,0,1,B,2004,INFINITI,A,01,,H,,-,-,2018
8608297,1,1,Y,M,26,A,-,E,L,G,Y,-,3,-,-,"- ",,,N,-,0,1,E,2016,MAZDA,A,01,,H,,-,-,2018
8608297,2,1,N,M,25,A,-,W,L,G,Y,-,3,-,-,"- ",,,N,-,0,2,B,2010,HONDA,A,01,,H,,-,-,2018
8608301,1,1,Y,M,27,A,-,W,M,G,N,-,3,-,-,"- ",,,N,-,0,0,B,2013,AUDI,A,01,,W,,-,-,2018
8608301,2,1,N,M,20,A,-,W,L,G,Y,-,3,-,-,"- ",,,N,-,0,1,A,2015,HONDA,A,01,,H,,-,-,2018
8608305,1,1,Y,M,64,A,-,N,M,G,N,-,3,-,-,"- ",,,N,-,0,0,B,1999,CHEVROLET,A,01,,H,,-,-,2018
8608305,2,1,N,F,51,A,-,N,M,G,Y,-,3,-,-,"- ",,,N,-,0,1,A,2004,LEXUS,A,01,,W,,-,-,2018
8608309,1,4,Y,M,45,A,-,N,-,-,O,-,3,-,-,"- ",,,N,-,0,1,B,,-,L,04,,H,,-,-,2018
8608309,2,1,N,M,64,A,-,E,M,G,Y,-,3,-,-,"- ",,,N,-,0,0,A,2005,MERCEDES-BENZ,A,07,,A,,-,-,2018
8608313,1,1,Y,M,19,A,-,S,M,G,Y,-,3,-,-,"- ",,,N,-,0,0,B,2003,MINI,A,01,,H,,-,-,2018
8608313,2,1,N,M,30,A,-,E,M,G,Y,-,3,-,-,"- ",,,N,-,0,1,E,2010,DODGE,A,01,,O,,-,-,2018
8608317,1,1,Y,F,36,A,-,N,M,G,Y,-,3,-,-,"- ",,,N,-,0,0,B,2008,DODGE,A,01,,H,,-,-,2018
8608317,2,1,N,F,42,A,-,N,M,G,Y,-,3,-,-,"- ",,,N,-,0,1,B,2012,LEXUS,A,01,,H,,-,-,2018
8610743,1,1,Y,F,58,A,-,S,M,G,Y,-,3,-,-,"- ",,,N,-,0,1,B,1991,MITSUBISHI,A,07,,H,,-,-,2018
8610743,2,1,N,M,57,A,-,N,L,G,Y,-,3,-,-,"- ",,,N,-,0,0,E,2012,TOYOTA,A,01,,W,,-,-,2018
8610743,3,1,N,M,56,A,-,E,M,G,Y,-,3,-,-,"- ",,,N,-,0,0,A,2004,NISSAN,A,01,,H,,-,-,2018
8610743,4,1,N,F,62,A,-,E,M,G,Y,-,3,-,-,"- ",,,N,-,0,0,A,,MAZDA,A,07,,H,,-,-,2018
8615779,1,4,Y,M,62,A,-,E,-,-,O,-,-,-,-,"- ",,,N,-,0,1,J,,-,L,04,,W,,-,-,2018
8615779,2,1,N,M,58,A,-,E,M,G,Y,-,-,-,-,"- ",,,N,-,0,0,B,2016,FORD,D,22,,W,,-,-,2018
8615783,1,1,N,F,80,A,-,S,M,G,Y,-,3,-,-,"- ",,,N,-,0,0,B,2017,TOYOTA,A,01,,W,,-,-,2018
8615783,2,1,N,F,20,A,-,S,M,G,Y,-,3,-,-,"- ",,,N,-,0,1,E,2005,NISSAN,A,01,,H,,-,-,2018
8615787,1,1,Y,F,32,A,-,W,L,G,Y,-,3,-,-,"- ",,,N,-,0,1,B,2011,HONDA,A,01,,H,,-,-,2018
8789785,1,1,Y,F,26,A,-,N,M,G,Y,-,3,-,-,"- ",,,N,-,0,1,B,2002,HYUNDAI,A,07,,B,,-,-,2018
8789785,2,1,N,M,36,A,-,N,M,G,Y,-,3,-,-,"- ",,,N,-,0,1,B,2015,CHEVROLET,A,01,,H,,-,-,2018
8789789,1,1,Y,F,25,A,-,W,L,G,N,-,3,-,-,"- ",,,N,-,0,1,B,2016,SUBARU,A,01,,W,,-,-,2018
8789789,2,1,N,M,18,A,-,W,M,G,N,-,3,-,-,"- ",,,N,-,0,2,B,2009,MERCEDES-BENZ,A,01,,H,,-,-,2018
8789789,3,1,N,F,57,A,-,W,M,G,Y,-,3,-,-,"- ",,,N,-,0,1,B,2014,NISSAN,A,01,,H,,-,-,2018
8814239,1,1,Y,F,26,A,-,N,L,G,Y,-,3,-,-,"- ",,,N,-,0,1,B,2016,NISSAN,A,01,,H,,-,-,2018
8814239,2,1,N,M,45,A,-,N,M,G,Y,-,3,-,-,"- ",,,N,-,0,1,A,2016,FORD,J,48,,H,,-,-,2018
8814239,3,1,N,M,26,A,-,N,M,G,Y,-,3,-,-,"- ",,,N,-,0,3,A,2017,HONDA,A,01,,H,,-,-,2018
90635316,1,1,Y,F,19,A,-,N,L,G,Y,-,3,-,-,"- ",,,N,-,0,3,G,2016,FORD,A,01,,H,,-,-,2018
90635316,2,1,N,M,31,A,-,E,L,G,Y,-,3,-,-,"- ",,,N,-,0,0,B,2007,CHEV,A,01,,H,,-,-,2018
90635482,1,1,N,M,62,A,-,S,M,G,Y,-,3,-,-,"- ",,,N,-,0,1,B,2012,NISS,A,01,,W,,-,-,2018
90635482,2,1,Y,M,43,A,-,S,M,G,Y,-,3,-,-,"- ",,,N,-,0,0,J,2017,TOYT,A,08,,H,,-,-,2018
90635577,1,1,Y,F,25,A,-,E,L,G,Y,-,3,-,-,"- ",,,N,-,0,1,M,2013,FORD,A,01,,W,,-,-,2018
90635789,1,1,Y,M,23,A,-,W,L,G,Y,-,3,-,,27,21460,A,A,-,0,1,N,2001,PLYM,A,01,,H,,-,-,2018
90635789,2,1,N,M,28,A,-,E,L,G,Y,-,3,-,-,"- ",,,N,-,0,1,B,2007,PONT,A,07,,W,,-,-,2018
90635920,1,1,Y,M,29,B,-,N,L,G,Y,-,3,-,,31,22107,,A,H,0,1,R,2012,HOND,A,01,,W,,-,-,2018
90636097,1,1,Y,M,25,A,-,N,L,G,Y,-,3,-,-,"- ",,,N,-,0,0,B,2015,HONDA,A,01,,A,,-,-,2018
90636097,2,1,N,M,42,A,-,N,M,G,Y,-,3,-,-,"- ",,,N,-,0,1,B,2015,TOYO,A,07,,H,,-,-,2018
90636107,1,1,Y,M,18,A,I,W,M,G,Y,-,3,-,-,"- ",,,N,-,0,1,R,2004,TOYT,D,22,,W,,-,-,2018
90636263,1,1,Y,M,51,A,-,N,L,G,Y,-,3,-,-,"- ",,,H,-,0,1,P,1995,FORD,A,07,,H,,-,-,2018
90636263,2,1,N,F,45,A,-,N,M,G,Y,-,3,-,-,"- ",,,N,-,0,1,B,2007,FORD,D,22,,W,,-,-,2018
90636263,3,1,N,F,43,A,-,N,M,G,Y,-,3,-,-,"- ",,,N,-,0,1,B,2014,VOLK,A,01,,W,,-,-,2018
90636424,1,1,Y,M,34,A,-,W,L,G,Y,-,3,-,-,"- ",,,N,-,0,1,J,2002,MAZD,A,07,,H,,-,-,2018
90636823,1,1,Y,M,29,A,-,S,M,G,N,-,3,-,-,"- ",,,N,-,0,1,B,2000,TOYT,A,01,,H,,-,-,2018
90636823,2,1,N,F,21,A,-,S,M,G,Y,-,3,-,-,"- ",,,N,-,0,0,H,2012,TOYT,A,01,,W,,-,-,2018
90636823,3,1,N,F,19,A,-,S,M,G,Y,-,3,-,-,"- ",,,N,-,0,0,H,2014,TOYT,A,01,,H,,-,-,2018
90636823,4,1,N,M,22,A,-,S,M,G,Y,-,3,-,-,"- ",,,N,-,0,0,B,2015,TOYT,A,01,,W,,-,-,2018
90637167,1,1,Y,M,26,B,-,E,L,G,Y,-,3,-,,25,22350,,A,-,0,1,B,2003,TOYO,A,01,,H,,-,-,2018
90637167,2,1,N,M,52,A,-,E,P,G,Y,-,3,-,-,"- ",,,N,-,0,0,B,1999,PETE,F,27,,W,,-,-,2018
90637749,1,1,Y,M,26,A,-,N,L,G,Y,-,3,-,,31,22107,,A,-,0,1,C,2007,TOYT,A,01,,H,,-,-,2018
90637762,1,1,Y,M,34,A,-,E,L,G,Y,-,3,-,-,"- ",,,N,-,0,1,E,1998,FORD,D,22,,W,,-,-,2018
90637762,2,1,N,M,50,A,-,S,M,G,Y,-,3,-,-,"- ",,,N,-,0,1,B,1995,DODGE,A,08,,H,,-,-,2018
90637816,1,1,Y,F,20,A,-,E,M,G,Y,-,3,-,-,"- ",,,N,-,0,1,B,1997,OLDS,A,01,,W,,-,-,2018
90637816,2,1,N,M,30,A,-,E,M,G,Y,-,3,-,-,"- ",,,N,-,0,0,A,2016,NISSAN,A,07,,H,,-,-,2018
90637816,3,1,N,M,72,A,-,E,M,G,Y,-,3,-,-,"- ",,,N,-,0,0,A,2005,HONDA,A,07,,B,,-,-,2018
90637869,1,1,Y,F,37,A,-,N,L,G,Y,-,3,-,-,"- ",,,N,-,0,1,R,2007,HOND,A,01,,H,,-,-,2018
90637928,1,1,Y,M,40,A,-,N,L,G,Y,-,3,-,-,"- ",,,N,-,0,0,B,2015,NISS,A,08,,H,,-,-,2018
90637928,2,1,N,F,62,A,-,N,M,G,Y,-,3,-,-,"- ",,,N,-,0,1,A,2018,TOYOTA,A,01,,H,,-,-,2018
90637928,3,1,N,M,41,A,-,N,M,G,Y,-,3,-,-,"- ",,,N,-,0,0,A,2003,BMW,A,01,,W,,-,-,2018
90637948,1,1,Y,F,20,A,-,N,M,G,Y,-,3,-,-,"- ",,,H,-,0,1,R,2005,ACURA,A,01,,H,,-,-,2018
90637948,2,1,N,M,65,A,-,N,L,G,Y,-,3,-,-,"- ",,,N,-,0,0,B,2014,TOYT,D,22,,H,,-,-,2018
90638498,1,1,Y,M,63,A,-,N,M,G,Y,-,3,-,-,"- ",,,N,-,0,0,B,2014,CHEV,A,08,,W,,-,-,2018
90638498,2,1,N,M,35,A,-,N,M,G,Y,-,3,-,-,"- ",,,N,-,0,2,H,2015,TOYT,D,22,,H,,-,-,2018
90639637,1,1,Y,F,27,A,-,E,L,G,Y,-,3,-,-,"- ",,,N,-,0,2,L,2016,MAZD,A,01,,H,,-,-,2018
90639637,2,1,N,M,73,A,-,E,M,G,Y,-,3,-,-,"- ",,,N,-,0,0,B,1999,FORD,A,01,,H,,-,-,2018
90639699,1,1,Y,M,20,A,I,N,L,G,Y,-,3,-,-,"- ",,,N,-,0,1,R,2015,CHEV,A,01,,W,,-,-,2018
90639746,1,1,Y,M,53,A,-,S,-,W,Y,-,3,-,-,"- ",,,N,-,0,1,M,2004,HONDA,C,02,,O,,-,-,2018
90639782,1,1,Y,M,29,A,-,S,L,G,Y,-,3,-,-,"- ",,,N,-,0,2,C,2017,HYUN,A,01,,W,,-,-,2018
90639790,1,1,Y,M,52,A,-,S,M,G,Y,-,3,-,-,"- ",,,N,-,0,2,R,2006,FORD,D,22,,H,,-,-,2018
90639790,2,1,N,F,39,A,-,S,L,G,Y,-,3,-,-,"- ",,,N,-,0,1,B,2014,NISS,A,01,,H,,-,-,2018
90639792,1,1,Y,M,49,B,-,W,-,V,Y,-,3,-,,31,22107,,A,-,0,1,M,2017,TAOTA,C,03,,W,,-,-,2018
90639817,1,1,Y,M,55,G,G,S,L,G,Y,-,3,-,-,"- ",,,N,-,0,1,M,2015,"BMW  ",A,01,,W,,-,-,2018
90640100,1,1,Y,M,30,B,-,S,M,G,Y,-,3,-,,31,22107,,A,-,0,1,R,2005,TOYO,D,22,,W,,-,-,2018
90640400,1,1,Y,M,21,A,-,N,L,G,Y,-,3,-,-,"- ",,,N,-,0,0,H,2009,BMW,A,01,,W,,-,-,2018
90640400,2,1,N,M,64,A,-,N,L,G,Y,-,3,-,-,"- ",,,N,-,0,1,H,2002,TOYT,A,01,,O,,-,-,2018
90640400,3,1,N,M,19,A,-,N,M,G,Y,-,3,-,-,"- ",,,N,-,0,0,B,2000,LEXU,A,01,,W,,-,-,2018
90640702,1,1,Y,M,22,A,-,S,M,G,N,-,2,-,-,"- ",,,N,-,0,0,J,2003,GMC,D,22,,H,,-,-,2018
90640702,2,1,N,M,37,A,-,S,-,W,Y,-,2,-,-,"- ",,,N,-,0,1,B,2015,HD,C,02,,H,,-,-,2018
90641106,1,1,Y,M,56,A,-,S,M,G,Y,-,3,-,-,"- ",,,N,-,0,0,M,1997,FORD,D,22,,H,,-,-,2018
90641106,2,2,N,M,40,A,-,S,-,-,O,-,3,-,-,"- ",,,N,-,0,1,-,,-,N,60,,H,,-,-,2018
90641309,1,1,N,M,24,A,-,N,M,G,Y,-,2,-,,25,22350,,A,-,0,0,B,2017,TOYO,A,01,,A,,-,-,2018
90641309,2,1,Y,F,27,A,-,N,L,G,Y,-,2,-,-,"- ",,,N,-,0,0,B,2010,MAZD,A,01,,H,,-,-,2018
90641309,3,1,N,F,33,A,-,N,M,G,Y,-,3,-,-,"- ",,,N,-,0,1,A,2010,VOLK,A,07,,H,,-,-,2018
90641377,1,1,N,M,53,A,-,S,L,G,Y,-,3,-,-,"- ",,,N,-,0,1,B,2007,CHRY,A,01,,W,,-,-,2018
90641377,2,1,Y,M,42,A,-,S,L,G,Y,-,3,-,-,"- ",,,N,-,0,1,B,2004,FORD,A,01,,W,,-,-,2018
90641492,1,1,Y,M,21,A,-,E,M,G,Y,-,3,-,-,"- ",,,G,-,0,0,B,2017,DODGE,D,22,,W,,-,-,2018
90641492,2,1,N,M,44,A,-,E,M,G,Y,-,3,-,-,"- ",,,G,-,0,1,H,2017,FORD,A,01,,O,,-,-,2018
90641508,1,1,Y,M,40,G,G,E,B,B,Y,-,3,-,-,"- ",,,N,-,0,0,B,1997,FORD,D,22,,W,,-,-,2018
90641508,2,1,N,F,39,A,-,E,M,G,Y,-,3,-,-,"- ",,,N,-,0,1,A,2014,KIA,A,01,,H,,-,-,2018
90641508,3,1,N,M,52,A,-,E,M,G,Y,-,3,-,-,"- ",,,N,-,0,1,A,2000,PORS,A,01,,W,,-,-,2018
90641636,1,1,Y,M,19,A,-,W,M,G,Y,-,3,-,-,"- ",,,N,-,0,0,B,2001,CHEV,D,22,,H,,-,-,2018
90641636,2,1,N,M,57,A,-,W,M,G,Y,-,3,-,-,"- ",,,N,-,0,1,H,2010,TOY,D,23,,W,,-,-,2018
90641689,1,1,Y,M,60,A,-,N,L,G,Y,-,3,-,-,"- ",,,N,-,0,1,F,2003,INFI,A,01,,W,,-,-,2018
90641689,2,1,N,F,64,A,-,S,M,G,Y,-,3,-,-,"- ",,,N,-,0,1,B,2000,CHEV,A,01,,W,,-,-,2018
90641894,1,4,N,M,35,A,-,W,-,W,O,-,3,-,-,"- ",,,N,-,0,1,B,2017,SPECIAL,L,04,,O,,-,-,2018
90642151,1,1,Y,F,41,A,-,W,M,G,Y,-,3,-,-,"- ",,,N,-,0,1,N,2004,SATURN,A,01,,H,,-,-,2018
90642151,2,1,N,F,60,A,-,E,M,G,Y,-,3,-,-,"- ",,,N,-,0,1,B,1998,TOYOTA,A,08,,W,,-,-,2018
90642272,1,1,Y,M,67,A,-,S,L,G,Y,-,3,-,-,"- ",,,N,-,0,1,B,2002,FORD,A,07,,W,,-,-,2018
90642291,1,4,Y,M,73,A,-,S,-,W,O,-,3,-,-,"- ",,,N,-,0,1,M,,SPCLIZED,L,04,,W,,-,-,2018
90642291,2,4,N,M,70,A,-,S,-,W,O,-,3,-,-,"- ",,,N,-,0,0,B,,SPCLIZED,L,04,,W,,-,-,2018
90642517,1,1,Y,M,22,B,-,W,M,H,Y,-,3,-,,31,22107,,A,-,0,1,M,2008,KIA,A,01,,H,,-,-,2018
90643163,1,1,Y,M,27,B,-,E,M,G,Y,-,3,-,,33,21801,A,A,-,0,0,E,2017,RAM,D,22,,W,,-,-,2018
90643163,2,1,N,M,30,A,-,W,L,G,Y,-,3,-,-,"- ",,,N,-,0,3,B,1999,FORD,D,22,,H,,-,-,2018
90643232,1,1,Y,F,49,A,-,E,M,G,Y,-,3,-,-,"- ",,,N,-,0,1,B,2002,HOND,A,01,,W,,-,-,2018
90643238,1,1,Y,M,30,A,-,N,M,G,Y,-,3,-,-,"- ",,,N,-,0,0,B,2004,CHEV,D,22,,W,,-,-,2018
90643238,2,1,N,F,43,A,-,N,M,G,Y,-,3,-,-,"- ",,,N,-,0,1,B,2014,BUIC,A,01,,W,,-,-,2018
90643238,3,1,N,M,67,A,-,N,M,G,Y,-,3,-,-,"- ",,,N,-,0,0,B,2016,MERB,A,01,,W,,-,-,2018
90643448,1,1,Y,F,60,A,-,E,M,G,Y,-,3,-,-,"- ",,,N,-,0,1,C,2006,HONDA,A,01,,H,,-,-,2018
90644121,1,1,Y,M,29,A,-,N,M,G,Y,-,3,-,-,"- ",,,N,-,0,0,J,2010,JEEP,A,07,,W,,-,-,2018
90644121,2,1,N,M,25,A,-,N,L,G,Y,-,3,-,-,"- ",,,N,-,0,1,B,2015,TOYT,A,01,,H,,-,-,2018
90644134,1,1,Y,F,68,A,-,N,M,G,Y,-,3,-,-,"- ",,,N,-,0,1,M,2013,KIA,A,01,,B,,-,-,2018
90644631,1,1,Y,M,53,A,-,W,-,W,N,-,3,-,-,"- ",,,N,-,0,1,B,2005,KAWK,C,02,,B,,-,-,2018
90645249,1,1,Y,F,34,B,-,E,L,G,Y,-,3,-,,31,22107,,A,-,0,2,R,2008,"ACURA ",A,01,,H,,-,-,2018
90645326,1,1,Y,M,21,A,-,N,L,G,Y,-,1,-,-,"- ",,,F,-,0,0,B,1994,VOLV,A,01,,O,A,-,-,2018
90645326,2,1,N,M,61,A,-,N,M,G,Y,-,3,-,-,"- ",,,N,-,0,1,H,2000,INFI,A,01,,W,,-,-,2018
90645326,3,1,N,F,59,A,-,N,M,G,Y,-,3,-,-,"- ",,,N,-,0,0,H,2010,HOND,A,01,,B,,-,-,2018
90645616,1,1,Y,M,69,A,-,W,M,G,Y,-,3,-,-,"- ",,,N,-,0,1,R,1995,FORD,A,08,,W,,-,-,2018
90645649,1,1,Y,M,70,A,-,W,L,G,Y,-,3,-,-,"- ",,,N,-,0,0,B,2016,FORD,A,01,,W,,-,-,2018
90645649,2,1,N,M,60,A,-,E,L,G,Y,-,3,-,-,"- ",,,N,-,0,1,B,1993,HOND,A,01,,W,,-,-,2018
90645964,1,1,Y,M,19,A,-,E,L,G,N,-,3,-,-,"- ",,,N,-,0,0,B,2003,GMC,D,22,,H,,-,-,2018
90645964,2,1,N,M,67,A,-,E,M,G,Y,-,3,-,-,"- ",,,N,-,0,1,H,2013,TOYO,D,22,,O,,-,-,2018
90646605,1,1,Y,F,46,A,-,W,M,G,Y,-,3,-,-,"- ",,,N,-,0,1,B,2003,GMC,A,07,,H,,-,-,2018
90646605,2,1,N,M,34,A,-,W,M,G,Y,-,3,-,-,"- ",,,N,-,0,0,A,2017,FORD,D,22,,H,,-,-,2018
90647067,1,1,Y,M,41,A,-,W,M,G,Y,-,3,-,-,"- ",,,N,-,0,0,H,2007,TOYT,D,22,,H,,-,-,2018
90647067,2,1,N,M,71,A,-,W,M,G,Y,-,3,-,-,"- ",,,N,-,0,1,A,2003,TOYT,A,01,,A,,-,-,2018
90647323,1,1,Y,M,22,B,-,S,L,G,Y,-,3,-,,25,22350,,A,H,0,1,C,2006,HOND,A,01,,H,,-,-,2018
90647662,1,1,Y,M,19,A,-,S,L,G,Y,-,3,-,-,"- ",,,N,-,0,0,F,2000,LINC,A,01,,H,,-,-,2018
90647662,2,1,N,M,57,A,-,S,L,G,Y,-,3,-,-,"- ",,,N,-,0,1,B,2015,KIA,A,01,,H,,-,-,2018
90649319,1,1,Y,M,26,A,-,N,M,G,Y,-,3,-,,25,22350,,A,-,0,1,M,1991,HONDA,A,01,,H,,-,-,2018
90650036,1,1,N,F,49,A,-,N,L,G,Y,-,3,-,-,"- ",,,N,-,0,1,E,2013,HYUN,A,01,,H,,-,-,2018
90650036,2,1,Y,M,71,A,-,E,L,G,Y,-,3,-,-,"- ",,,N,-,0,1,B,2010,MERC,A,01,,W,,-,-,2018
90650184,1,1,Y,M,19,A,-,S,L,G,Y,-,3,-,-,"- ",,,N,-,0,1,N,1998,HOND,A,01,,H,,-,-,2018
90650184,2,1,N,M,25,A,-,N,L,G,Y,-,3,-,-,"- ",,,N,-,0,1,B,2015,SMAR,A,01,,H,,-,-,2018
90650298,1,1,Y,M,18,A,-,E,M,G,Y,-,3,-,-,"- ",,,N,-,0,1,R,1999,TOYOTA,A,01,,H,,-,-,2018
90650551,1,1,N,M,39,A,-,S,L,G,N,-,3,-,-,"- ",,,N,-,0,0,E,2005,VOLVO,A,07,,O,,-,-,2018
90650551,2,1,N,M,31,A,-,W,L,G,Y,-,3,-,-,"- ",,,N,-,0,1,B,2001,GMC,D,22,,H,,-,-,2018
90650997,1,1,Y,M,21,B,-,S,L,G,N,-,3,-,,31,22107,,A,-,0,1,R,1996,TOYO,A,07,,H,,-,-,2018
90651196,1,1,Y,M,22,A,-,W,M,G,Y,-,3,-,-,"- ",,,G,-,0,1,J,2017,SCIO,A,01,,O,,-,-,2018
90651196,2,1,N,M,42,A,-,W,M,G,Y,-,3,-,-,"- ",,,G,-,0,0,B,2017,PTRB,G,25,32,H,,-,-,2018
90651898,1,4,Y,M,75,A,-,W,-,W,O,-,3,-,-,"- ",,,N,-,0,1,M,2017,EASTON,L,04,,W,,-,-,2018
90651905,1,1,Y,M,37,A,-,S,L,G,Y,-,3,-,-,"- ",,,N,-,0,1,R,2003,GMC,A,07,,W,,-,-,2018
90651974,1,1,Y,F,27,A,-,E,M,G,Y,-,3,-,-,"- ",,,O,-,0,1,M,2004,HYUN,A,07,,A,,-,-,2018
90651993,1,1,N,M,54,A,-,W,M,G,Y,-,3,-,-,"- ",,,G,-,0,1,A,2017,VOLK,A,01,,O,,-,-,2018
90651993,2,1,Y,M,45,A,-,W,M,G,Y,-,3,-,-,"- ",,,G,-,0,0,B,2007,TOYO,D,22,,O,,-,-,2018
90652290,1,1,Y,M,29,A,-,S,M,G,Y,-,3,-,-,"- ",,,H,-,0,0,B,2015,FORD,A,01,,H,,-,-,2018
90652290,2,1,N,M,32,A,-,S,M,G,Y,-,2,-,-,"- ",,,H,-,0,2,A,2012,HOND,A,01,,B,,-,-,2018
90652338,1,4,N,F,17,A,-,E,-,W,O,-,3,-,-,"- ",,,N,-,0,1,B,,HUFFY,L,04,,W,,-,-,2018
90652670,1,1,Y,F,26,D,-,S,M,G,N,-,3,-,-,"- ",,,N,-,0,0,M,2006,TOYT,A,01,,W,,-,-,2018
90652670,2,4,N,M,56,A,-,S,-,W,O,-,3,-,-,"- ",,,N,-,0,1,B,,2015,L,04,,O,,-,-,2018
90652673,1,1,Y,F,32,A,-,S,M,G,Y,-,3,-,-,"- ",,,H,-,0,0,B,1997,TOYO,A,01,,W,,-,-,2018
90652673,2,1,N,M,59,A,-,S,M,G,Y,-,3,-,-,"- ",,,H,-,0,1,H,2017,TOYO,D,22,,W,,-,-,2018
90652698,1,1,N,F,45,-,F,S,L,G,Y,-,3,-,-,"- ",,,N,-,0,1,Q,2008,HOND,A,01,,H,,-,-,2018
90652717,1,1,Y,F,24,A,-,S,M,G,Y,-,3,-,-,"- ",,,N,-,0,1,B,2014,VOLV,A,01,,W,,-,-,2018
90652717,2,1,N,F,59,A,-,S,M,G,Y,-,3,-,-,"- ",,,N,-,0,1,A,2013,BMW,A,01,,W,,-,-,2018
90652717,3,1,N,M,36,A,-,S,M,G,Y,-,3,-,-,"- ",,,N,-,0,0,A,2012,NISS,D,22,,W,,-,-,2018
90652737,1,1,N,F,62,A,-,E,L,G,Y,-,3,-,-,"- ",,,N,-,0,1,B,2017,NISS,A,01,,H,,-,-,2018
90652829,1,1,Y,M,69,A,-,N,M,G,Y,-,3,-,-,"- ",,,E,-,0,0,E,2017,TOYT,A,01,,W,,-,-,2018
90652829,2,1,N,M,43,A,-,E,-,W,Y,-,3,-,-,"- ",,,N,-,0,1,B,2007,SUZU,C,02,,W,,-,-,2018
90652901,1,2,Y,F,13,A,-,S,-,-,O,-,1,-,-,"- ",,,N,-,0,1,-,,-,N,60,,W,,-,-,2018
90652901,2,1,N,F,39,A,-,E,M,G,Y,-,3,-,-,"- ",,,N,-,0,0,B,2009,HOND,A,08,,O,,-,-,2018
90652991,1,1,Y,F,21,A,-,E,M,G,Y,-,3,-,-,"- ",,,G,-,0,0,B,2007,JEEP,A,07,,W,,-,-,2018
90652991,2,1,N,M,49,A,-,E,M,G,Y,-,3,-,-,"- ",,,G,-,0,1,H,2015,LEXS,A,01,,W,,-,-,2018
90652991,3,1,N,M,24,A,-,E,M,G,Y,-,3,-,-,"- ",,,G,-,0,0,A,2015,HOND,A,01,,H,,-,-,2018
90653142,1,1,Y,M,38,A,-,S,M,G,Y,-,3,-,-,"- ",,,N,-,0,0,B,2014,RAM,D,22,,W,,-,-,2018
90653142,2,1,N,F,30,A,-,S,L,G,Y,-,3,-,-,"- ",,,N,-,0,1,A,2015,NISS,A,01,,H,,-,-,2018
90653142,3,1,N,F,32,A,-,S,M,G,Y,-,3,-,-,"- ",,,N,-,0,0,A,2013,MAZD,A,07,,H,,-,-,2018
90653221,1,1,Y,M,19,A,-,W,M,G,Y,-,3,-,-,"- ",,,N,-,0,0,B,2000,TOYO,A,07,,W,,-,-,2018
90653221,2,1,N,M,55,A,-,W,M,G,Y,-,3,-,-,"- ",,,N,-,0,1,H,2014,TOYO,D,22,,W,,-,-,2018
90653397,1,1,Y,M,40,A,I,E,L,G,Y,-,3,-,-,"- ",,,N,-,0,1,R,2016,"ACURA ",A,07,,O,,-,-,2018
90653420,1,1,Y,M,26,A,-,W,L,G,Y,-,3,-,-,"- ",,,N,-,0,0,B,2003,TOYO,A,01,,W,,-,-,2018
90653420,2,1,N,F,36,A,-,W,M,G,Y,-,3,-,-,"- ",,,N,-,0,1,H,2016,HOND,A,01,,H,,-,-,2018
90653745,1,1,Y,M,30,A,-,S,M,G,Y,-,3,-,-,"- ",,,N,-,0,1,R,2010,FORD,D,22,,H,,-,-,2018
90655685,1,1,Y,M,45,A,-,W,L,G,Y,-,3,-,-,"- ",,,N,-,0,0,B,2003,FORD,D,22,,H,,-,-,2018
90655685,2,1,N,M,36,A,-,W,M,G,Y,-,3,-,-,"- ",,,N,-,0,2,H,2018,VOLK,A,07,,B,,-,-,2018
90655740,1,1,Y,M,51,A,-,E,M,G,Y,-,3,-,-,"- ",,,N,-,0,1,B,2015,FORD,D,22,,H,,-,-,2018
90655740,2,1,N,M,25,A,-,E,M,G,Y,-,3,-,-,"- ",,,N,-,0,1,A,2016,HOND,A,01,,O,,-,-,2018
90657141,1,1,Y,M,43,A,-,E,M,G,Y,-,3,-,-,"- ",,,N,-,0,0,D,2017,SUBARU,A,07,,W,,-,-,2018
90657141,2,4,N,M,62,A,-,N,-,W,O,-,3,-,,33,21804,A,A,-,0,1,L,,"DIAM BK",L,04,,W,,-,-,2018
90657640,1,1,Y,M,34,A,-,E,M,G,Y,-,3,-,-,"- ",,,N,-,0,1,E,2000,HOND,A,01,,H,,-,-,2018
90657640,2,1,N,M,36,A,-,E,L,G,Y,-,3,-,-,"- ",,,N,-,0,0,B,2003,GMC,D,22,,H,,-,-,2018
90659830,1,1,Y,M,59,A,-,S,P,G,Y,-,3,-,-,"- ",,,N,-,0,0,I,1979,FORD,D,22,,W,,-,-,2018
90659830,2,1,N,F,51,A,-,S,P,G,Y,-,3,E,-,"- ",,,N,-,0,1,B,2006,THOMAS,H,17,,H,,-,-,2018
90697058,1,1,Y,M,17,A,-,W,P,G,Y,-,3,-,-,"- ",,,N,-,1,0,M,1991,ACURA,A,01,,H,,-,-,2018
90766786,1,1,Y,M,28,A,-,E,L,G,Y,-,3,-,-,"- ",,,N,-,0,1,B,2003,CHEV,D,22,,W,,-,-,2018
90766786,2,1,N,M,45,A,-,E,M,G,Y,-,3,-,-,"- ",,,N,-,0,1,B,2003,CHEVY,D,22,,W,,-,-,2018
90766786,3,1,N,M,53,A,-,W,L,G,Y,-,3,-,-,"- ",,,N,-,2,0,B,2015,TOYO,A,01,,H,,-,-,2018
90787677,1,1,Y,F,51,G,G,W,M,G,Y,-,3,-,-,"- ",,,N,-,1,0,N,2011,MERB,A,01,,H,,-,-,2018
90787677,2,1,N,M,55,A,-,E,L,G,Y,-,3,-,-,"- ",,,N,-,0,2,B,2014,CHEV,A,01,,O,,-,-,2018
90787677,3,1,N,M,44,A,-,E,L,G,Y,-,3,-,-,"- ",,,N,-,0,0,B,2017,DODG,D,22,,W,,-,-,2018
90787677,4,1,N,M,48,A,-,E,M,G,Y,-,3,-,-,"- ",,,N,-,0,0,B,2006,TOYO,A,01,,H,,-,-,2018
90787677,5,1,N,M,46,A,-,E,P,G,Y,-,3,-,-,"- ",,,N,-,0,0,B,2012,INTE,F,27,,H,,-,-,2018
